sequence,ground_truth,spectral_score,baseline_score,efficacy
ACAACTTCTCCAAACAATTA,0,0.46567016935313355,0.7359141871305145,0.3273509633866546
CTACATAGTTTATTTAGTTA,0,0.376865323909696,0.5037020393705562,0.2563547027518508
TTAAGACGAAGTTAGATAAA,0,0.4360841368812432,0.6330115665607963,0.45420934082626213
AGTAGATGAAGTAATTAAAA,1,0.37059265999383817,0.6661092408007019,0.5307054849698954
TGAGATACATTAACGTGATT,1,0.6032885458657181,0.5557321007625811,0.771423422177253
AATAGGGTAATGTTCTTATT,1,0.42153288620602253,0.5483775361513401,0.5127899549030162
TTAAATTAATTTGTCAACAC,0,0.5035311861137798,0.5092714376437787,0.4445064193866483
AAATATTATTATATATCTAT,0,0.37704606287521003,0.3643951231243791,0.06191713904047472
AGTTTTCAGTACATATATTT,0,0.36524521637737106,0.4732954572550847,0.15270961330394817
TAGCTACAGTATCATCTCTT,1,0.4703071874078847,0.5811284862048756,0.81384538307399
GGACCTTAAAACAGGCTCCT,1,0.6059428041404489,0.5910593444077825,0.862114777291026
TTGGAACTCTTAATAAGTGA,0,0.6080172167519942,0.5817019097697623,0.4128325227052726
CTCAGATATTATAAAAATTA,0,0.5315835223290035,0.5689143556304022,0.30229294569424464
TAGAATATTTATGGAACAGT,0,0.5252034925788208,0.5887780628183027,0.3534599865109816
CTGTAAATATAAGTTTGATT,0,0.5131906094926484,0.5286896830180915,0.40352159875666693
TAATATTGTATACTTGTTTA,0,0.49167047315919615,0.6423944757960406,0.1398169292171246
TAAAAGTATCACAAGAAAAG,0,0.2964003872763913,0.6753757586434773,0.30078655495772744
AATGAGTGCTAAAGTAAATT,0,0.41984001873279003,0.543643744788095,0.3070470890647113
TAAATTAACATCAGAAGTTA,0,0.3913386815159016,0.49485941711067294,0.29059813540902424
TAGTGATAATATAAAGGTTT,0,0.46222389935937647,0.5638952530241269,0.44327134807518576
AGAAACATAGACGAATGAAT,0,0.48268637150154126,0.7943653852554724,0.36865726199228643
TAAACTGCGATTCATTGTTA,0,0.5625802360078342,0.5186115718817262,0.29258004035534957
TTATCTAAATGTTGAGAATT,0,0.5392479412927323,0.5650669748115067,0.35567188100569636
TATGGTGGTAATTAAAATTA,0,0.5575884616561174,0.6084544338335183,0.20940222199262698
CATGTATAACTTTATAATTG,0,0.4590490685777554,0.47095870897839004,0.3620152354835552
ATTATTTGCTTATATCTAGC,1,0.42282744426300695,0.5840244188000316,0.6815193718837099
GTTAGGGCAATTTTGGAATG,1,0.5467828151395524,0.757154499367347,0.6596666964167754
GGAAGTGTTATATTGGTTAT,0,0.4980822155028086,0.7367258652234556,0.4340211136887494
AATGCAGTCTATAAAAGGTA,0,0.42205138803971814,0.5357966824263345,0.42159154692214407
TAATTATATAAATATTTTAT,0,0.44335169824387555,0.4693941397924437,0.057351383875533374
CTATCGTTATTTTTAGAAAT,0,0.5424741382328515,0.6146293465116972,0.1575901666752086
TCCAAATTGAAAACTCTACA,1,0.574719902286221,0.7288005064281868,0.7948573097256086
CAAATTAAACATTGTGTTTA,0,0.5990310625087023,0.4569164224380599,0.2144181165411475
TATAGTAATTCAATAGACTA,0,0.3702018729623182,0.39613230743398264,0.3306587066942437
ATTGTTAAAGTAAATTATTT,0,0.5373917536932536,0.5466062244441134,0.04337529658617266
TAGAGGTATACAACTTTATG,1,0.5894747109569631,0.54578352435193,0.8682950209866341
ATAGTAGATTTTAAATAGAT,0,0.4155294680332746,0.4698568103740278,0.4073238486556291
GAGCTTTTCGACTTCGAAAT,1,0.60382260083426,0.5549294350549766,0.7973064831384464
TTTTTCTTATGAAATTAAAT,0,0.6279734442823248,0.6632812402277134,0.036570107065679765
ATCAAAATAAGTTTGCTATT,0,0.4601481950607412,0.35304747614402554,0.21538820538949077
AGTTTTAATTTTTTATTAGC,0,0.46013329488955945,0.7114170956960775,0.0
TTCGGGCTTAGTAAAATTTA,0,0.5747676069759236,0.5795240531742705,0.32624529662111856
CTTATTGATTTAACTTAGAA,0,0.579870508927897,0.5626889586617976,0.2613935193864983
ATTTTATCTTTTTTATTTTA,0,0.4633538868180179,0.8915379643071912,0.0
ATAATGAAATGAATTATTTT,0,0.5656271718455768,0.5439981671637336,0.051754742317392556
TATTTGAAAGTTTTTAAATC,0,0.47656301644878474,0.5454238716369876,0.41151219753412616
TTTGTACATCTACTATATTA,0,0.5298050435208154,0.6342752263437619,0.29037924801105114
AGTTTTAATAGTAAAACTTA,0,0.5831734483688461,0.501268811367405,0.2493143615455221
TTAATAAATAGTTTAGTCTA,0,0.4037609641469748,0.3963819790521764,0.22698412267302182
TTTTGAAATTATCGTTGTAT,1,0.5599051650634779,0.755920247957832,0.50880034295169
TTAATTTGTACATAAGATTA,0,0.5130820544900263,0.45381779507320985,0.28534746187779136
TAAAGATTATTTTCAATTAA,0,0.4784223311192243,0.3606987299357993,0.34425949346928064
CTTCTTTTTAACGATGGGAA,0,0.7288208584243374,0.7209738022680099,0.3245691940345055
ATAAATTATTTCGGTTAATA,0,0.5224599991230758,0.46696505985211106,0.2761986990368816
TTAATTCCTATAACAATCAA,0,0.4400117284768327,0.5745540001727986,0.30798960046885904
TTACTTAAAATGTTTATGGA,0,0.5402878123555602,0.5745685275750938,0.2546295470267808
TCAATATTTATTACATTTAA,0,0.4546377746371573,0.4962179864764513,0.111314305801396
AAACACGACCTTAAGATCCA,1,0.5766426275634914,0.7921602709798491,0.7448938870609738
TGTCTGTTTTATTCTAATTT,0,0.44388624580840175,0.8301925862334756,0.1668119564621342
TTATTTTTTCATCGAATTAA,0,0.4297679915604107,0.5954258394694739,0.058478005016661935
ACAACTATCTCTATTTTTCT,0,0.4906141631466208,0.7264427813488805,0.26687617332968505
TTATACTCTGGATCTCTTAA,1,0.4900809673712052,0.6129248830103069,0.5343812549514884
GTAATGTAAAACTGTATCTG,1,0.6136104654044331,0.5472465528592074,0.5211329370366806
AGATGTTTTTTCTTTCCGTT,0,0.40002466163249767,0.8036215702283313,0.03473409516557219
TATCCACAACTCTTAAAAAA,0,0.5415816342420874,0.7708677299423078,0.05773022761417357
CAAAACAATCACTCATCGTA,1,0.4580361256179882,0.7088620795610543,0.7747109031685757
GTTAGTATTTCTTAAAACTA,1,0.4566142139426021,0.4523766439474512,0.5809946664326319
ACTTAATCGCTATATAAAAT,0,0.5109076538933482,0.5493455777015063,0.46200720985719734
ATGCTCAATCATATTTTGCA,1,0.5195615739746937,0.5352217803180416,0.7423063534204163
TAAATTTGGAAGAGGATAAG,0,0.592347708273391,0.8074976928013242,0.45165192961829903
AAATTTTAATAGAATTAAAT,0,0.5070735108617066,0.5612504896042951,0.0
CGAAAACTTTGTTATACCGA,1,0.6667553431375266,0.5969650263422,0.8757275515192684
ACATTATCAATTCATAATGG,0,0.4833133121105134,0.4411540536018498,0.4082346363642072
CAATAATAGAATAGAAGAAT,0,0.40788145400582876,0.7290124058000568,0.3944444804427382
AATTAAATTTGATTAACACA,0,0.5711405355217721,0.5896806602220631,0.2252982007950092
TACGTCCATAAATTATTAAG,0,0.37671988089956454,0.3708032535751646,0.46629109743541136
TTATAGTTATGAAACAAATT,0,0.6222589723416896,0.5556239022759746,0.0
AGGCACCACATCCATAATAT,1,0.4474436048581031,0.6214033064478672,0.711130361127066
AATATAGATTTAATATAAGG,1,0.4619989230748369,0.5630899463220524,0.5966515020525552
CTATGATTATTTTACAAATT,0,0.4589022001188706,0.5393844005778055,0.0
AATTAAAAAATTATCTTTAT,0,0.5897042334288642,0.5205367350099687,0.04296875680641296
ACAGAATAGTTGAATGTATC,1,0.36868930450096593,0.4398443799368746,0.6769628130145939
CTTATGAAGGAAGTTTCTTA,1,0.5528178895877705,0.5708087234058974,0.659031486124832
GTTTAAAGCACTGCGGTTAT,1,0.5166521532544738,0.5537442027585571,1.0
TATTTAGATCTTTATTACTG,0,0.4788270284167303,0.6787959333635214,0.132012738646548
AAATGATTTTTATGCAAATA,0,0.5451267173847081,0.4921875104086074,0.31787013017061183
CGATGTTAACATTATATGTA,1,0.5068799542556744,0.4573059580115699,0.5247141261854775
ATAATACAATACTTGCCAAA,0,0.4872394412345139,0.681975550805672,0.4076331552784027
TAAATAATGATTATATTTTT,0,0.5379190839472654,0.5844595549006011,0.0
GGATTTTTATACTATATTCT,0,0.5335271436742953,0.7043666240501864,0.26000215061483783
GACAATTATTTTATTTAAGA,0,0.5855517448958933,0.5238900793483612,0.31294045067704557
ATTAAACTCACTACAATAAT,0,0.4591917997443817,0.6468735389861917,0.20993646513919428
AAAAATTAGATATTAATACA,0,0.5010207331224364,0.6722360555357174,0.0
AGATTAAATAAAATTTAATC,0,0.48499568596629894,0.5704689820502711,0.005122862623203634
ATGTAGGAATTCAGAGGCAG,1,0.35046501612665815,0.5811545515013411,0.9686659299227829
ATCTAACTTAATGTATTGTT,1,0.3980212351889725,0.5234806393523649,0.6511738650021306
TAAATACGTAAATTTGACTT,0,0.5414669776121754,0.3939672568938736,0.3676098223853691
GAGAACACCTAGATTTTGGT,1,0.7537156694028603,0.671329574597825,0.917274884483939
TAAAGAATTCAGGGATAGCA,1,0.3766757991606453,0.6056248560281482,0.6858086162571215
ATTTCTAAGACGTAGAAGGC,1,0.49649234814600246,0.531551534583273,0.6906713474501034
GTATTAATCATTAGAAAGAA,0,0.46059949116362775,0.5844975791424438,0.20912087688616604
TGCTACATAATTCAGATTTA,1,0.45497220919380643,0.405432490160816,0.6579066859310945
AGTATATTAAAACAATTAAT,0,0.5035965737420962,0.5964408743964045,0.0373949779592373
CATTGTTGCCTGATTATAAA,0,0.6007531070010328,0.5705456285842202,0.45573651286431405
AATTTACAATATAAACGAAT,0,0.4583061718547012,0.6057569197301554,0.19203190204736822
AACAAAATCATTAAAGAATA,0,0.46745900389303296,0.8213416605298012,0.28353533236279416
AAATCACCAAATTATAGTAG,1,0.5158905047858477,0.6518780560648028,0.5549936061864571
ATCATAGTTTCGTATATCTT,1,0.3116206094728696,0.4946060273980696,0.5607314728352328
CTATTTTCGGATCAAATTAA,1,0.5640774436100263,0.5203932385819294,0.5135183019980473
AAGAGTAGCCTAAGAAAATG,1,0.3789616516140104,0.6907949510469982,0.6918703191020403
GAAAGTATAAATAAATAAAC,0,0.31127501417424164,0.7060236486265471,0.1980591667549162
TCAGTTTAGTTTTATTTAGT,0,0.26753395730825114,0.6202900683525489,0.02035436532820531
GTAGAAATATTAGACTTGGA,0,0.6465267590002356,0.7051905754399275,0.49073537002098067
TCTCGAGCCCGGTTCTGCAA,1,0.46143204983749514,0.48953885543821984,0.7719162277129097
AAAGAAAGATAAATACAATA,0,0.3384444070127356,0.8163356672722097,0.285620488435951
ATAACATTTTTTATGATACT,0,0.6155902018130772,0.623585811664239,0.3438938373043095
CATCTGATATCAAACAATTA,0,0.5401451131663471,0.6024896192676507,0.4211885710131195
ATATTAGTGAGGGTAATAAT,0,0.44658315299232176,0.5938057186741896,0.08041502802891992
GAAAATAAACATTTTAAAAC,0,0.628625652844775,0.8287575844001147,0.0
TTCTGCTATCTTTCTACTTT,0,0.46757373742726366,0.9057754347653969,0.34112933409086904
ATATCTTGTTTAGTTGTGAT,0,0.5356822410547337,0.7923406783839735,0.1517668845657556
GCGGGACTCTCTACACAGCT,1,0.5158719400598848,0.5169756112471948,0.5559930557080806
GATATTACGTTTAAATTTAA,0,0.5076552506716552,0.4548705630350442,0.0
CTTAAATATTTAAAATTCGC,0,0.5286347349291438,0.5102902092230609,0.10126273814992276
GCACAGCCTTTTATATTCAT,1,0.5023375942347598,0.6125502785005665,0.5915117266650156
ATATGAACTATAATAAAGGA,0,0.5075702470853678,0.6913627579113665,0.4828456184690495
TCATCACCGGAACATCTATA,1,0.44344917385063526,0.5770630052699067,0.7866148768667827
ATAAGGTGAGGCCGTTAAAA,1,0.39765405680662,0.6017095615659285,0.6943644032530779
AGAACTTCGTCTTAGTACTG,1,0.6119461594169623,0.5507525320251173,0.6829701306323807
AATTTAAATTTTTGAGTTGT,0,0.5804191980492308,0.7238646699763903,0.29958623560585607
TACACGTGTTTTATGTGATA,0,0.5190453914855174,0.6098203031689763,0.3729723550811953
TAAACTTTATCTTTCCTCTA,0,0.5398393768914274,0.759727830546956,0.4874428357945
TTTTTTCAACAATAAACTAA,0,0.5991867222524536,0.6201622782803413,0.0
CCAATAAAGTGTACTAATTT,1,0.3643981965177886,0.35451179260512505,0.6033164201658243
GATTTAAACATCCAAGGAAG,1,0.4581959325233905,0.623322291529316,0.7655816014974386
GCCTTTTGATAACATTAAAA,0,0.6112377307302138,0.5644629485822724,0.47127516197430724
GATATGACATAGTTGATCAT,0,0.4746384338278662,0.4747071545094448,0.3476011958815971
GTATTAACATTGGAATATGT,0,0.49013491351432137,0.540164489864396,0.34639571136704306
TAATATCTACATGTAATCGC,0,0.42223391108663455,0.41872091417967117,0.40610619792716063
AGTCTGAATATGAATGGAAC,1,0.568270063312666,0.6545083088795606,0.6201747155309215
GTAAAGACAAAGCTATTACT,0,0.5471549277459384,0.6193500565515487,0.40783877357462245
GCACTAGCATGGGTTGGCTA,1,0.4514353474887026,0.5017132591453819,0.6409092400405099
AAGAATTAATTTATAGTTAT,0,0.49390486979199527,0.48409329362478387,0.0
CTTGGAAAAGATGATGGATA,1,0.6131359776864007,0.7742084812583059,0.8443749547351418
ATATTACGTGTCAGTGATAA,1,0.4992772026750453,0.4677067186569143,0.6481178588899026
ACGATTTGCTCAGATGCATA,1,0.4480820946747171,0.3495142932594322,0.7291077915408811
TACAGGGCTTTTATATAGTG,1,0.43805355413231073,0.5367426685933003,0.7792144292815406
TATCATGTTTAGAGGGCAAA,1,0.48036115243547445,0.5163613005781102,0.7341970781360808
TCATAAATTGAATTAAACGA,0,0.4681866723823762,0.5626686414412159,0.21097954865025417
TGGACAATTAAAATCTCTTT,0,0.7235904800653007,0.6262818849361568,0.377463551680261
ACTTAGACACTGGAAAATAC,1,0.6587207603074157,0.7579352859461493,0.7287021292953217
TAACAAAGTCCAAGCGTTCT,1,0.4053040814217367,0.4629912695839121,0.5757705590552149
GTGCAAATCTTATTTATAAC,1,0.5720869390754035,0.5104679895967879,0.5502737280522906
GAGCACTTAATTTATACCCT,1,0.4995553563158488,0.5521986530063664,0.5253643742422189
GATTCCAGTTCTATGTTAGA,1,0.47825520337645927,0.5180645327705794,0.5103252389567551
CGTTCGGTAAAAGATAGTAT,0,0.4591370786481709,0.5073343126764092,0.33103403211981347
TTCATTATCTCAATAAAGCG,0,0.31143953702583393,0.35419064470185224,0.4989432521779168
GACTAAATGAACTAAAATAT,0,0.4742384278620596,0.6754982118846498,0.16765856321479666
TATTAAATATTCACTATAAC,0,0.4657751198254941,0.512189310105984,0.35142076828939534
ACATTATTCTGATCGATTTT,0,0.45986526737474653,0.6096948787015855,0.2732587842109756
CCAAAAAAAATAACGATATC,0,0.3840777827116938,0.7758790636150128,0.30739624972803337
GACATCTTTCTAACACCCCT,1,0.5649682495270258,0.811959500753589,0.9153259513953346
ATAAATCTTGTTTGCTGTGG,0,0.6549715479681971,0.7918016602697395,0.4522510311274477
CACATGGATTCGATAGGTAC,1,0.5248386303711479,0.48025978581518114,0.929802001432111
TAATAAAGGTTATTCAAAAC,0,0.43958608695104184,0.5363304652972866,0.05124550048395343
TATCAAGAGACATTCTTATA,0,0.46068464753569316,0.427526845398563,0.4050679587672812
CGTATATAGGGCTTATAAGA,1,0.4144207392039423,0.4882405867904452,0.7719045216213097
ACTTCTTTTTTTAACCGTTA,0,0.636718658005809,0.8702662064367883,0.18339427727311403
TATTTAGTGCACATAATTCA,0,0.45613415320639855,0.42243182764380566,0.16857951726356507
CTTAGTTACTGGACTAACAT,1,0.5868662199374031,0.5422795593655357,0.6759053320711758
TATTTTTACACAGTGACCAT,1,0.5619878902388644,0.5680256522737042,0.619676566984365
AAATTAGAATATCCTCTCTC,0,0.5268049245397954,0.590459920194009,0.2210994842509914
AGTCAATAGGCCTCATTTTG,1,0.5675871381179405,0.534041272671311,0.8496448115380367
GTCAATTCTGAAATTTTACG,0,0.4969921783100498,0.4742466136291942,0.45698086463925963
ATCACTTACGCGTCCTAATA,1,0.4225128141285114,0.5327270330638749,0.7054962530699159
CTTCATATCCTAATTAGAAT,1,0.4668983675866625,0.5312555023466762,0.6097933253764769
ACAATAGAACTTGTATTAAA,0,0.6078173130050996,0.6576536631528447,0.2105056412082405
ATCTTTACCAATAACTCAAA,1,0.4960495784532529,0.6735427129451577,0.7146909008698648
TAATTTCTAGTCTAGGTATG,0,0.40242872131493945,0.5357043976554137,0.3997482207729798
TATACATATCTTGGTACTGG,1,0.5800626440473884,0.6071270253790793,0.6908386492971436
TAGCTTAAATTACATTTAAA,0,0.426137827709231,0.41315662432985756,0.27828952346305125
ATATAATAAATTGTGGTACT,1,0.5137428072821286,0.5054206250877751,0.5774043212079571
CGGTTGTAATAATAAAAAGG,1,0.42390828802046443,0.6159740423600943,0.598664476422556
AACACACAGTACTCAGGTAA,1,0.5202023755702351,0.715294715962886,0.7895701570636596
CCACCGATACGCATATGCAT,1,0.2988591818604635,0.46675556464170065,0.9880917363391446
AGCTTCACTGTCTAAGCGAG,1,0.47840463353228274,0.3704064048150874,0.9549301076918945
TTAAACCATGTTGTCATTAA,0,0.5636200870643878,0.5155051411695949,0.3676059219474652
ATCCAATTGCATGTTTGAAC,1,0.5631037208552763,0.5157688020995119,0.7406216238760387
TCCGTTACCATAATTATCCT,1,0.4101597291602224,0.6134069252535108,0.7068345821712847
TTTAAGCTTGCAGTTACAAT,1,0.47531605377220937,0.4614965358732232,0.5935110707419873
CCAATTCGCCTCAACTGTAG,1,0.477222483325111,0.5677876232993704,1.0
TCATTTCAGGCAATGCAGAA,1,0.4599491022639851,0.466656741796346,0.6807010830471917
ATTTAAGCGTCGATTACTCC,1,0.4779209120331764,0.5199346926617728,0.6646125206031814
AGGTTGGTGACTAAAGAAAT,0,0.5247846463797987,0.7068470084753732,0.43896721332434374
AATTATAACACCCATGTTGA,0,0.651581325190483,0.649258499818492,0.38914570129651505
ACAACATATATCTCTATGTT,1,0.49234814530851867,0.525671688457167,0.597849550726502
CTGATTCAAACTTGATGCCC,1,0.5580963396388661,0.6040033463354015,0.8796539142341315
TGCAATTTGTAGCCTATCGA,1,0.4465201296397775,0.45881561714842045,0.7223315205876537
ATTCAGGCACGTCATTGATT,1,0.44483691523378727,0.45435100773309756,0.6403669989773977
AATAAATACCTATCCAAAAC,0,0.4337981227993395,0.7727349332311959,0.29852327870244255
TATGTACTACATCAATATTA,0,0.4288444462011126,0.43001974501223367,0.412424885577715
ATAAAAATTTTTATTTTCAT,0,0.5429239328895672,0.5665854053948026,0.0
TTTAATGAAGCAATGGAGTG,1,0.44459488055944363,0.6130725997197324,0.7212054284103107
CACCATCTAATGTAAGCTAC,1,0.5342869966538604,0.6105451532829724,0.6727901602954238
AATATAGAAGAATTATGATT,0,0.4791124894463456,0.5808392019422239,0.0
TTATGTGCCGACAATTCACA,1,0.5524543283965218,0.5193179908104222,0.7966947703993594
CGTAAAGTCCGCTATCTTGA,1,0.5392429527590168,0.4828266788779308,0.7827335459115141
CACAAGAGAAATAAAACCAG,0,0.4179356132257414,0.8549443154520506,0.44811210064292434
TACTACTAAGTATTTGTAAT,0,0.5027660065031749,0.4846945954921701,0.1961473838649309
TATAAATTGAATGAGAACAG,0,0.5511083408377704,0.7220407089908949,0.3011441087667033
TGATAAGTCAATTTATTTAT,0,0.48698249642370417,0.5372746422819066,0.044659084145280706
TACGTATACAAAATGTAGAG,1,0.3706768428004886,0.5107689003107725,0.5320713190911595
CATCGATTATAATTTACAAT,0,0.4453389776576085,0.42493013641174626,0.21002669650202266
TGACCTTCGTTATCTTTAGT,0,0.5290875820748449,0.7694629726049714,0.3661819507464238
TTTAAAGGTTGCTATAAGCA,1,0.4384878836414597,0.44137015180512684,0.5119360302413248
TACCACATATATATTGTGAG,1,0.53855654283671,0.4105207687187439,0.7138236624245413
CCCAAAGACAGAAAGTGTTA,1,0.33902215391921564,0.5644424373776595,0.5479220257331607
CTCTACCATCATTTGGAGGC,1,0.6154489721059379,0.6217986291310169,1.0
GTAATAGGCTCTATATCCCT,1,0.5066220985180112,0.5180634426075819,0.8263445990520855
TTACATGGTTCAATGATTAT,1,0.4003362565605732,0.47662515504732694,0.5034793967836062
AACGATTCCTGCGATGCATT,1,0.5279971196401907,0.4869433084833621,1.0
TTATGTGCTTAAGTTCTCTA,1,0.4296608083800472,0.6311589445246202,0.5969851872345522
TCTAAGTTTGAGATGTTTCT,1,0.4626271420227456,0.6638609064202603,0.6939755882117011
ATATCTTACTTGATCATGGC,1,0.5247927412773531,0.5649299256916532,0.7675919574147082
CACTTTAAGAAAACGGCAAA,1,0.6008216066647332,0.8311820323684103,0.6938090501489783
AGTACTCTAATTTGTCATGG,0,0.5833736313543889,0.5904411375813334,0.48762424100951374
AGTTTTTGTAATGTTAAGAA,0,0.530159220665307,0.6345475775832163,0.47512647344796693
TGCTGATAAGCCGATGCATG,1,0.4863412719466753,0.48541226424458567,0.8914052904298319
AGTGTGCATTCCCTCGAAGA,1,0.475656667588266,0.37113326076136,0.7889264840501763
ATGCAGTAAATCATCCCAAT,1,0.42242918975175725,0.5302333211315118,0.7297236657736517
CTTACGTAACACAAAGTACG,1,0.47516782599078855,0.5887229062743036,0.6153705730209271
TTCCCGTGTTCGTTTGGTAT,1,0.4300632548239083,0.7785913957338406,0.5758943310065374
ATATCGTCATTAGAAGAGGC,0,0.45859467804968357,0.47921989708278667,0.46875788356576226
CCCGCATGGAAAATGGCAAA,1,0.6259756407124459,0.7910477331891699,0.7654120402214581
CGTCAACAGCTTTTAAGAAG,1,0.5155972451054056,0.5072621717660641,0.7678101757389507
AGGTACTATCAAGCTGAATC,1,0.37123675852417054,0.38990069980305336,0.7466038873421251
ACAACTAAGCAATATACCTC,1,0.4115658367142706,0.6631048244269064,0.7240884149757639
GATAGCAATGTAGCTGCATT,1,0.422049033227281,0.44295885001021873,1.0
TTGAGCCAGCCAGTATACAA,1,0.4280031287558013,0.490199754878654,0.6781834314230571
GTACATTATGTTTATGAAAT,1,0.5950014564553492,0.5829109494564986,0.5508398856146292
TAACTATATACGTATGGTTA,1,0.4766014762289695,0.435376987442553,0.5154376085784855
TAAGAGGGTCTACTTATTAT,0,0.46762364633189446,0.4931175008155651,0.1528933900999842
TAATTTTATCCTTATTAATT,0,0.4424145902388892,0.6634480915510728,0.39870556276253566
TACATAATAGGGGATTGTAG,1,0.43262912116140395,0.5941924376565885,0.6589370265822324
GATTGTTCAATAATATTGGA,0,0.47802951974089325,0.5221462478240075,0.28597601348279866
CTCTAGACCAAATAGGATAA,1,0.48082130354028996,0.643844950571336,0.6104005742573022
GAAAGGCAGGAGTAGCTAGC,1,0.2312663962905807,0.5592065107919384,0.9831942418527722
CTTGCGTACTCAATCTCTCT,1,0.4925903273565325,0.7321466643579335,0.9200937570870353
AGCTCCATCTTTTCGAATAA,1,0.5781615610886298,0.594687244729252,0.8802904828744503
CAGTATGATTAATTTCAACA,0,0.44980202299068106,0.4239602114776665,0.40522113107497487
AGCCGGCAGTAGAAATATCG,1,0.4442486290098695,0.5717289705044127,0.9506223112089599
GCAATAATTGCATATTGAGA,1,0.5459442943826232,0.5655312856535608,0.5605038289683125
CCGCATTATGCTTATTCAAG,1,0.4405424411423433,0.46733004045325155,0.9798949359382378
AATGGATGATAACTGTTTGG,1,0.6808984076387958,0.7918523022928441,0.5951584658846073
ATCATGGGTCAGTTATAGGT,1,0.28983066324929113,0.45878116610407105,0.8450767183658425
CTCTACCAAGAAAGAATCAA,1,0.4966769999726555,0.7485178960521797,0.6740966073308468
ACCTCAAATGATAGGAATTT,1,0.4828030689982474,0.458005382524569,0.6435957233890297
ACTTAATAGACCCGCATACT,1,0.5510179935335403,0.662060450302536,0.684086404698787
GAAACTACATGCTGTGTTAA,0,0.6429506634296915,0.5610083190235653,0.47686816163854695
CTATCGTTATCCTACTCCTC,1,0.408615999702168,0.7343719480203619,0.8359793707597114
ATGGGAATCGACTTTGAACA,1,0.6359484906231605,0.6213613626758397,0.507341944589123
TGAAAGTATCAAATATATTG,0,0.5328875114923737,0.5568827848581418,0.4213818725755948
TAAGGGTTGCTCCCCTAATC,1,0.4552242240553032,0.4917645974725843,0.7188360911184972
GACTCTTACAGGGACTGATA,1,0.6179112763452815,0.5531686591439766,0.9213669186097069
ACGCGAAATTTCTGAGGTCC,1,0.5406664163166214,0.43095748788399757,0.7165169654907105
ACGGTCATGGCATTTTGTAT,1,0.49917815131335164,0.6062499209859314,0.9136941598115865
GCCGCAGATTTAAGACCATA,1,0.4933507624382458,0.5303856264384169,0.7837791514412875
TATTAGAGGGATTTGACGTA,1,0.4422725714581068,0.606893606703114,0.7668150928832007
ATATTAGAATTCTGGGCTGT,0,0.5453526465706604,0.6364675565694213,0.48192388950195053
TCTGATATTAGGAATATGGT,1,0.48308390649755184,0.5924715784282083,0.6305039189998152
GTGAGCTCTCGAGCAATGAA,1,0.47207638959054155,0.5101363922088846,0.9182369155006614
TTAGATAAAAGCAATTAAGT,1,0.5228272629323355,0.6124149864327085,0.5725133444362658
TCTTTAACAGCACAACAATA,0,0.5397396295451172,0.6924441929651651,0.33052252141721605
TGAACCGATAGAACTAACAC,1,0.5774565578512616,0.7651480435305071,0.676424469553827
TAGAACACATATACACTGGT,1,0.6115329656041723,0.6378658344360949,0.556807284707491
CCAGACAAATAGAATTTAAC,1,0.38871597291806786,0.603957801645544,0.5777328425668118
TAAACTGAAATTCCAGCAAA,1,0.451740128378209,0.6682415545807097,0.5308713518715975
ATGTATGTCGTTGAAATGGG,1,0.5150487863769078,0.6994105258515461,0.9358597315405491
TAGGCGCAGTTACTTCAATA,1,0.3804389395749384,0.2916951582661871,0.6319373121595416
GTTGTTTAACATGTATCATT,0,0.5231037171508434,0.6490720617725638,0.2867700705142119
ATCAAGGGGACTCTTACTTC,1,0.5559819503445615,0.5002527079214035,0.863365245935216
AGGATTCCTCTGTCACATTC,1,0.4130102577064128,0.5471975987811757,0.8300717082080666
GTATTTTGCAACTGCACCCC,1,0.6082663915187572,0.673403622268083,0.7001327478158151
AAACAGTATATGTTGAGTGA,1,0.6182801226436958,0.683664708611645,0.675675144905922
AATTCTATACGACAGACTTG,1,0.5697617811075875,0.5166950904492739,0.6053731673813715
CCAACAACTCTTTATTGGAT,1,0.707730496850122,0.689334439785701,0.5553199792564708
AATTTTTAGCTCTTAGGGTA,1,0.5295323468514026,0.6392212612495788,0.6196962881872858
GACTAAAAAATAGTCCCTGT,0,0.6475569671224204,0.6328658932334099,0.41673361581074747
ATTTAAGTCAATAGTTCGTA,0,0.3871036714383532,0.3683836700360471,0.3669972958510489
GAATTGTTACTAATAACTCT,0,0.5983271566985912,0.5091686117692634,0.48088896914150603
TTTGCATAGATTATAGAATT,0,0.48780796444912483,0.53373361168192,0.40298516201297646
ATTAGTTCTCACGTTACCGT,1,0.33104888244097797,0.4847298891541893,0.9111610671023429
GCACCTTATAAAAAATTCTT,1,0.595491067545107,0.6225291738589493,0.6551121546040681
TTTTGCACGTCGATAGAGGC,1,0.45955524343924015,0.485040407718086,0.8433352668716284
GCGAGAGGGAAGATCAATAT,1,0.4985709656624106,0.7253678076894992,0.7875366008385226
TACTTCAGCGTTGACATATC,1,0.4916518909151654,0.5260846758375416,0.8973322888855759
TCCTATATTAAACAGTGTGA,1,0.4324642461172927,0.33755544352070616,0.6532452820741412
TTCCGTATCCGAAATTTATT,1,0.4451975766953238,0.5625164082981874,0.715455205136563
ATTGGGACCACCATCTAGTA,1,0.6573770321932244,0.5646749067933221,0.686049047337117
CGATATTAAATGACTTAGTT,0,0.47204500953369166,0.4456129424109805,0.4995469520549262
AGTTGTTTTTTTTAGGAATA,1,0.5367662798129527,0.7797375541581236,0.5433185991320434
AATCGGCGAGTCCCAGATCA,1,0.35384277510471207,0.4438822069527507,0.5355144951644772
ATTCCTTAATGTCTCCATAG,1,0.34804869737362487,0.502565362184834,1.0
GGGAACGTAAATTGCAACGT,1,0.5839737175635423,0.6446758349796599,0.6709151894279171
ATACCTGCATATTTAACGGT,1,0.43391954840301794,0.4076836557776981,0.6325811906292601
AGACCTAGTGATGGAAGCGT,1,0.5559244462251735,0.6482478098257722,0.9302849164132408
GACAGCTGCTAAAAGTAGCC,1,0.47285541606776516,0.5625676271746318,0.6700974043614399
AGGAGCTTCTCTCACCGTGG,1,0.5816958222971254,0.5525553650578929,0.6307113990354449
AGAAATTCATCAATATGTAG,0,0.4753127127981947,0.5314358767417906,0.34368888302740574
ATCGAAGTCTTATGGCCCCA,1,0.4576297002620877,0.47120578725280043,0.8926755246099446
AAGTTTGTCGTACGACATAA,0,0.5042957620295303,0.46016706444413924,0.49906420019858977
ATCTGCTTAGCTATTCATCG,1,0.35125688013759115,0.5088036797653948,0.8994261639532449
TAAACTCACCGTCCTAGGAG,1,0.577500303952758,0.583376737342922,0.8628996054155373
TACTGATCAGTATACGGTCT,1,0.37512920514115516,0.40557124337415723,0.8499845802485033
AGTTCGAGACTCAATGTTGA,1,0.576259955280159,0.5392398242073124,1.0
TGATCCCCTTTATAATGATA,0,0.6249399048090807,0.6282575937057737,0.2413907283697947
CAATAAGGCTCGCTATGGTG,1,0.5062474919685048,0.4728685141194835,0.9131572363976616
TATAAGCTGTTTCGTTTCGT,0,0.4240502480757308,0.6776338112478506,0.36554486782622286
GGTCATTAGACTATCAGTCA,1,0.38295756295788796,0.29345670151945125,1.0
CTCATTTTTTGCGAGTAATA,0,0.5736351589000935,0.6252473747346414,0.422173110855479
GTTACGCTGGAGCCATGCAA,1,0.5167754463786463,0.45829225999241735,0.8681865495119361
ATGTCTCCAAAAATGCTAGG,1,0.3841434920786501,0.4147319110455513,0.7813304510363573
AGCATATCTAGATATTAATC,0,0.3844281725104978,0.3663376724770627,0.45944429012963134
GTAACGACCCTAACCTACCA,1,0.5220360621851814,0.7617605111271718,0.6915329785210996
GAGGGTTTGTATTGACTCCT,1,0.525542906318724,0.7056979212104226,1.0
CAACATCGCTTGAATTAACA,1,0.5620513091216348,0.646416212838641,1.0
AGGATTATGAACGGCTGAAC,1,0.48235437249888913,0.6008599461736972,0.7060316624392544
CTGAGACTAAGAAGCTAACC,1,0.6169341344734468,0.721839138322674,0.9125808752641401
ATACACCGGCATATTATGCC,1,0.4706489601395193,0.5009302070114452,0.9653319478488547
AATCCTGGTTTATAGCTGGT,1,0.537340630124698,0.6435756292210786,0.7249727908865722
AACGTCTATGCGACTAAACT,1,0.5283297391538843,0.5567413697566506,0.6054927352977489
TCTACCTTCTTTTTTTACTG,0,0.5283256729763246,0.9537238729755965,0.28987572008184787
TTTATCGCTGACATTTTTAC,0,0.49148557586346,0.7040218683151599,0.41615491736599275
TTATTCCGATTGTACGTCAG,1,0.35939173002013225,0.48245319861155955,0.9497326483957595
TCTAGGGATAAGTTTGCATA,1,0.40776271980646966,0.4905988419398784,0.573918926952812
GAAAAAGCTTTTATGAGGCT,1,0.6595699627437382,0.6663508386082346,0.800788820744341
CACGGACTGTGATTTGCGAG,1,0.6084987425858541,0.6012902078011949,0.9207400086098487
TATGTTGTTTCAGATTTCAA,1,0.419762090679908,0.5687333216333601,0.6285625501782635
GCCGTCTTGGGTACTGCCTT,1,0.5739818759095934,0.7698632176135993,0.7223170952210959
ATATCGCAAATCCTCCTAAG,1,0.4521746810849259,0.5818248040721841,0.6743115542762599
AGGATTCCTGTTCAACCTAA,1,0.46797210396572647,0.4887985922705683,0.9387922839075248
TTGAAGATCGTTTTAACCCC,1,0.4807330071669645,0.551661724166146,0.7252977051415294
CCATGAAGTCCCTGGTTTCG,1,0.5295918255824452,0.5768254785779832,0.8282110035487659
TTGGTTCTCTGTTGAAGAAA,0,0.6351938706015275,0.7189785387749014,0.4723229276328772
AGCACCTTACTTCGACGTGG,1,0.7003695254792559,0.6032980062927216,0.6330187337687748
ATAGCAATTAATCTGTATCC,1,0.41051750664820813,0.40646691373658195,0.7596256053511565
AATATGCTTGTTATTGTTTG,0,0.5656187478759382,0.8206277051655407,0.41219157513866034
GGCATGTCATATTAGGGCGT,1,0.4373157850790144,0.5479961306289822,1.0
ACTTGTCATAGACCCCTTCT,1,0.6737658944476455,0.7960365531887666,0.7345605451729957
ACGAATTGTAGTGGCCTTTC,1,0.4318488992880454,0.4982473220520198,0.9572175138903732
AGTCACTTTTCGCTTCGCAG,1,0.5010339188750484,0.6051579083651158,1.0
TATATCATCATCTCTAAGCC,1,0.375497775421593,0.5409475272304787,0.5844362801293181
AAAGTAAATAGTATCCAATC,0,0.2787205068963127,0.47063676780537333,0.3795553783498199
AAACGGGGTGTTATAGGGGG,1,0.5452686302427331,0.8629311415197055,0.6820661865060406
GAATACACTGGGAAATCGCG,1,0.5570593121202454,0.6784424936529745,1.0
TATAATGTTGTCAAGTGACT,0,0.49711079866296803,0.5182803324033699,0.37764048195063465
AATTAGAAATTACACCTTAC,0,0.5603303086576237,0.6073345219186874,0.0827959601389397
ATTAAGGTGATCGGGATTAC,1,0.4265391105716615,0.5380037630685061,0.6364148391501107
AGATTCTTTCAGATTATAAG,0,0.4991510670613904,0.4475664549189099,0.38946645691380616
CGGGATATTAATGGAAGTTT,1,0.4810435858639428,0.6370821847991941,0.5569335742706485
GTACACAATGAGACCCAGCA,1,0.43509179878044285,0.6532487581777875,0.7535069526204666
GAATGTCCTCTTAAGAACCA,1,0.595614878898571,0.60671247096174,0.8240403286126365
CGGAGCTAAGTAGCGGTAGA,1,0.37830380258030694,0.5837470598471547,0.9356463984449938
GACTCAAACTCGTGACTGGT,1,0.6127087109309207,0.45840079907542586,0.7183886060056254
TGTTTCTTCGTCCGATCGTA,1,0.2802445831455506,0.5760739838834815,0.9148103234020024
GATAAAATCCGGATAATAGA,1,0.5303507191288133,0.7219847709181006,0.6610119053615667
GTAGTATTGGTAAAAGGTCC,1,0.4995328103191546,0.5852791548820582,0.6724689516975302
AGGCCCGTTGTATGATCTAA,1,0.5249044145479586,0.49634695295819276,0.7827573602762237
CGATCATATCGACACGCATT,1,0.392385516994087,0.4683330033992007,1.0
CTTCTGTATGCCTATAGTAA,1,0.4983812615761691,0.5641916716723128,0.7630805058856104
ATAGTGGAGATCAGTGCGAA,1,0.3735427029323698,0.6010022939099924,0.8187790490239246
TATATCGGCGAACCCTGCTG,1,0.6511066086763397,0.5785365948112144,0.7846990579809107
AGCTGTTTTCAGTTCTATGA,1,0.44418743344002004,0.6023194912111122,0.7578820966102122
CAAGGGATTCACGATCGTCA,1,0.3447502000530105,0.36887448372806475,0.6235594640628487
TGTACATTGGAAGTGGTGTC,1,0.43006597458455786,0.6152780458207512,0.7790220251315159
GTATGTTAGACAGATATTAC,1,0.4984562723225091,0.4839700552123117,0.8515800764949144
AGCAAAGTACAGAAAAGTCG,1,0.28994742190922296,0.6535117998962787,0.6194997338702394
TGTTTTTGAAGTCAGCCTGC,1,0.6368305575339157,0.7301126824552501,0.6405445590719423
CAATCGCATTAAGCCTTTGT,1,0.47901601441083497,0.5256156158753035,0.7046595139598398
AACCGTTTACCGATTAGATA,1,0.5920102380208124,0.5429273535297761,0.5757349078251496
CGATAGGTATCAAAAGCACA,1,0.3741218865544122,0.5777163760548524,0.5806423504719084
ATACAATGTAAACGAGTATA,1,0.4140192776814849,0.574575419953097,0.6619735947391933
CTGTCGTGGCTAGAAGTGAA,1,0.5691605222675263,0.6318446398053252,0.7031471959765432
TAAACATCAACTCAGGGTCC,1,0.483116618887358,0.5703931794773649,1.0
ATCAGCATAGGCGGTTCAAT,1,0.29181353240201835,0.2872067963314405,0.9618533953628923
AGGATCTGAAAACTGATTAC,1,0.5946603932175191,0.6215196115384947,0.8364258791612067
CTTGTATTAGATCATACGGG,1,0.46489873341625876,0.4923839091303589,0.8430640383717032
CTTACTACTGTAGTATACTT,1,0.5157151274867737,0.6257741131021609,0.9257704001094902
CATTGTTACTCGGCTAACGT,1,0.4652106150960057,0.5358569788765266,0.8265878648258369
GTGACTACGCACCCTCGACT,0,0.6424438512330287,0.6704725976109844,0.2882050669491424
TAAAAAGGCACAGGTATAGC,1,0.3553578115263055,0.5847863529237556,0.5705215431749758
ATCCCGTTTGTGTTATCCTT,1,0.5000407905452554,0.7902874384034135,1.0
GAAAAGTTTACTTCCTTAAC,1,0.5150937586349656,0.5186923869142352,0.593838695375984
ATTTCTCGCTAATCCCGTCC,1,0.423774040645685,0.676632990399752,1.0
GCTTAGGTGTTCTTGGTGGC,1,0.45457025065148127,0.7868138499956487,0.8306200550529931
AAAGCCGACAGTCACGAGGA,1,0.510167470409673,0.7542952088753572,0.8581519818549269
GTCTGAAATTGTTAAAATGC,0,0.5154653074305533,0.5135393608075977,0.42894844626593936
CAGAAGTCGCAAATATATTG,1,0.42353053192151896,0.4946779409358947,0.8514682442871994
TCACCCAGCAACATTTGTGA,1,0.531586219685288,0.5848718364326004,0.6471792203613931
GCAGCTGCGATCTTGTTTGA,1,0.6001402627273317,0.6918609145771577,0.7777971520143495
AAACGTATGGAGTTAAGAGT,0,0.4575730515095871,0.6566950047220644,0.42011935123565347
GGGGATGTTCGGTTGCTAAG,1,0.4408927415659053,0.7213921938419963,0.8671544399592517
AGTTATGTGAGCGCTTCTTA,1,0.48660354206424017,0.6162767053441097,0.8468093197590107
CTCTTATCTATACCCTCTTA,1,0.5678719705367969,0.8532278056390453,0.7287405645272808
ACGATCGGTGAACCAGCCTG,1,0.6225673425543052,0.5963294270671587,0.7442806968368473
GACCCAATACGAATTCTGAT,0,0.5744873224308039,0.5880162808800665,0.4336026629557162
TACCTTTGCCGCTGTATGCG,1,0.5739659825394179,0.6865536272903326,0.8185293802761638
TACGATTCGAGACATCTCCG,1,0.5471073102452089,0.5223646433462099,0.9674902316265308
GGCAATTAGGTGAGGACGCT,1,0.5568752812404902,0.6832625926797651,0.8829514736251439
AAGGCCCTAAAGAGGTAACA,1,0.43918289549957795,0.6912772226178644,1.0
CCGAACTTCACCGCCTGCGT,1,0.5190762934924745,0.6562760466562244,0.7339357133001132
ATGGCACGGAATCTCTGATG,1,0.6437124670510093,0.5966162034929552,1.0
CAGATCAACGCGTCTCTCGC,1,0.36767677150186434,0.4801627337144424,0.840877698534439
ATAATTTGGACTCCAGTTCC,1,0.52024653835673,0.5332790398730383,0.8545658178455188
TCCTCCGAATAGCGTACGCG,1,0.39533239811402404,0.4074565427320396,1.0
AATGTGGGCGAGACCTGATC,1,0.6517230223640491,0.6598641361307618,0.722024878141216
CTCTCATAATGCTCTTTACC,1,0.45693808446061246,0.709659474541432,0.6119958116857191
GAGGTAAATCATTGGCCTCT,1,0.632561128889558,0.5671711723459157,0.6873249170564182
ACTGACAACGTGTCCTGCTA,1,0.5099190214077955,0.4853145886535167,0.9208447882119092
CAACGCCATTAAGCCTCAGG,1,0.455868319717316,0.5708809809778956,0.7309071714439604
GTCTATCGTACCACGTACAT,1,0.35996327445059223,0.4436566775811741,0.874228430429599
TTAGGTCTAATCAATGCATC,1,0.4794863462393358,0.43563230294764843,0.6780052338934596
AGCGAGAAGGTGTTTGCCTC,1,0.3752109149997924,0.4552890950671807,0.7366256156851348
CCTGGCCTACACAACCAGGG,1,0.4890258679633372,0.5908154754178231,0.75415781231693
TACACACGACACTCGGATAT,1,0.5563327773581918,0.6129454766920654,0.6993488720868474
TAGTTACTATGTACTGTCTG,1,0.4814239140353589,0.6359052113311152,0.7918257427927875
TGATATCCATAAAGTAGGGT,0,0.3834614232765957,0.45458113541961953,0.32714234770461786
TCTGTGTCTCCTGTTATATG,1,0.3795791433363019,0.7041881229983644,1.0
TATTTACTAACTGAATATTT,0,0.517620946400525,0.5767350231614667,0.22392184240607738
GTGATATATAACCCCGGCAT,1,0.5980823295631426,0.5011153688654144,0.848247898938738
ACACCTTTTGGCCAGCCCTC,1,0.6113115358843062,0.7992544289084679,0.6502331842341817
GACACTTGTAAGGTGAACGA,1,0.6842374326192321,0.7296314961573199,0.6707113055611071
GACTAATAAGTACCCATCCC,1,0.42700639615838637,0.6234450577252447,0.6730554440911727
CTCGTCTAGTATGAGGGTTT,1,0.350786348114789,0.5613968980586018,0.9168695938382528
TACCACGCATTCGCTCAGCT,1,0.3753411351071795,0.5480442378380871,0.5563060789673901
TCTTAGGTGTATTTCGATAT,0,0.4022310403688921,0.6301150337480713,0.3337254363804825
TCTTCTAAAATTTCTTCAAT,0,0.42601129039458063,0.6339019158347841,0.11301570507608608
GAGCATGAGTCTGGGTTCCC,0,0.4149483854192666,0.4567972474306384,0.45533985622075324
CACTATGGAAATAATGAGCC,1,0.5561511972472608,0.6590388742789063,0.6158423721966598
TACTTTCTACCGCAGACCTG,1,0.5357688278311941,0.6190196509137917,0.8623749492283154
CTCCGCAAGCATAGTGTCAG,1,0.26713986144908386,0.28193096486603275,0.6991914440796639
GAGACATATTATAACCCCCG,1,0.4978594450404662,0.6099659280338563,0.6671497723990376
TTATGTCCTCTAAATCGCAG,1,0.38300354216199467,0.4301485886774518,0.5431457543683132
AGGAAAACAACAATCGATAC,1,0.5532377926677624,0.8556272301335763,0.5686623063943692
TCTCATTGCGATAGCGGTTG,1,0.3627440075087669,0.5142480721027345,0.9390956268380927
TCATTGCCCTCTTGAAACTA,1,0.6430915486823839,0.7308415481428565,0.7805769721812604
GAGACCAAATAATAATAGAT,0,0.4817239019612489,0.7136403069844487,0.4325079463184325
TACAGGTAAACACGGCTCTA,1,0.5441410983771533,0.5561719849136324,0.5874764708076216
AGTAAAAAGACCAGCTACGA,1,0.49330051251075463,0.7667538631439725,0.6553075952780166
TACGGTCCCACCACAGCTAG,1,0.3407644196793952,0.48139184734616913,0.7679832853424347
AGCCTATTACTTTTGAGCCC,1,0.6339304955897969,0.6938125958420008,0.9639438666345003
TATCCCGCTGTCGTGGTGGA,1,0.49628984514171404,0.616046112362089,0.845569395536
AGGTCACCTTTGTACCACCG,1,0.49760804653005175,0.5669724697871468,0.8393024861537713
ATCTAATCTTTCCACTTGGC,1,0.5213011015422255,0.6702256787550385,0.8400134431713797
GGCCGTTTGTTCCGGTCACT,1,0.464795473244841,0.6497480066159366,0.6885582772390627
TAAATTGACGTGACTAAGAT,0,0.4194431798987865,0.4741722897804859,0.2507628516233012
GGACCCGCCAGATCGAGATG,1,0.5798996779712257,0.5951434645076252,0.6421392745421739
ATTGTAGGAGGACCGTCACA,1,0.5931926152617863,0.6040616947077273,1.0
TATTTCCGTGCTGAGTACCG,1,0.4944357420227816,0.5943884123172386,0.8629380844788421
CTCGGCGGATTGAATAATTA,1,0.5281171531419673,0.5251112598480958,0.6305498811034195
GGACAAATCTACAACCCGCG,1,0.5478964305396284,0.7369094170277201,0.7590271630220147
TGCCTAGGTATCATTCTGCC,1,0.4262557895467185,0.5662734443876501,1.0
GCAGTATAGTCTATATAAAC,1,0.3550123462404399,0.384624082260075,0.5787753969893252
ACCTCAGACCTGAACTTGAA,1,0.6214060570116101,0.6756172012797643,0.5417202806283472
AGATCCGCTCAGTACAACAA,1,0.4322443358274216,0.615741580540354,0.6921959222333258
AATGCTTGGATTTCGAGCCA,1,0.5703007937985215,0.5200620840510966,0.8889581075424532
TCTACGACTGCATTCTTATG,1,0.4934912562355448,0.5958592421638055,0.7286772888215837
GGTCTTTTACCATAACGGCG,1,0.4220774082840052,0.4329457843520775,0.8004250345761464
GCGTTATCTATGGCTTTATG,1,0.42847585448028197,0.6564719545590483,0.7633942925788849
CGTTTGTACATCTTGCTTGA,0,0.5441486667465485,0.738144557418982,0.3979262865578384
CCCTTAAAACCAATCGGGCG,1,0.49642373770584286,0.6189298525138226,0.8994910071896716
TTGATTTCATCAGTACTCTT,1,0.5380598389130228,0.7405377871311001,0.890371981231147
AGTTATATTATAGTTATCTA,0,0.2891321702613264,0.38184458065713983,0.0
AGATGGATGGACCGCCCTTT,1,0.658145016205986,0.5942147674930268,0.6964981100278121
CTCTATACTAAAGATAGGGT,0,0.39593926476628477,0.37226660072630197,0.48620021976858413
CAAACGTCAGCTGTTCTACG,1,0.4906743604345552,0.46538824483854924,0.9933568677709679
GGGCACACTTCCGTTTCCAA,1,0.5153232910156843,0.5527022359619924,0.6610641331117173
TGTTTCCCCATCCTACGTCA,1,0.3403742694967776,0.6252294543081879,0.860732891648594
CACCACACTCATGAGTATCT,1,0.4243092404213634,0.5971180811215099,0.6866912254248103
ACGTTGAATACTCTCTTGGC,1,0.6442978868334899,0.6697713161397721,0.9322547914415185
AAGGAAATGCTACTGGCATG,1,0.5980156970426099,0.6819617367883634,0.7644031648707174
ATTAGAATCTAGGCCTCAAG,1,0.40254821682066655,0.3933772017012183,0.9541938503386698
ACGGCAGTCTCGTATAATTT,1,0.374018993482197,0.4062863429641276,0.5965516742648584
CTTGTCACCGAGTCTCAGGT,1,0.36956468861199776,0.436728275198847,0.8920181345590524
TGGGGAATTCTGAACCGGGC,1,0.6519887230217897,0.6982403612387358,0.5396534965870917
GACGCGGTCACCTGACGGCG,0,0.535405446182836,0.4838653421061288,0.050944009600906615
GTTTTGGGAGGTACTGCTAT,1,0.6315497833869104,0.8335116951632389,0.7390772875139295
AGACCAAATATGTACGGTAC,1,0.4820110683310322,0.564710553053722,0.5579525851573979
AGTTTCTTGAAAGGTAATAC,1,0.6061839952105348,0.5523251660298973,0.652629713589594
AAAGATGAATTCTCGCGGAT,1,0.5329902498810906,0.5458051686520257,0.630562543077051
GAATAGATTTGGTCCACAAC,1,0.5011184514197969,0.49124957760419585,0.7992604918145423
CTTATACATGGCATTCTAGA,1,0.42582832715111474,0.39498857392976555,0.7342280933441433
AACGCCAGCAACTTGAGGAT,1,0.6249918251212996,0.6780864840865485,1.0
CCCAGCTCTGAGGGCTTTTC,1,0.517487616450114,0.6236409557144629,0.8222026655941104
GTCTTGGGTTAATAAACCCG,1,0.6766640728164215,0.5675987806582611,0.8496295296600368
ACGCTCGAACGGGAACCATG,1,0.6174000086277818,0.6621099659176954,0.9518175711080283
GTATCTCGCAAAACATACTA,1,0.4818226068063143,0.5886154967881954,0.9552501813600656
GTAGTTTGGCAGTCGGCGGT,1,0.37418394032348046,0.6451928515360889,0.828407214216327
AACTGCTAGAGCGTAGCGTT,1,0.4454061503769237,0.4475704254273297,1.0
ACCGAATAAATGCAAGATCT,1,0.36301574229642763,0.5585240451104798,0.5884167432602361
AGCAATGGGAAGGACGCAGC,0,0.5080278463866171,0.7552986245926865,0.34464635326281234
TTCCACAGGCCGCAACGATT,1,0.421828081741103,0.48755109441051375,0.8703967266998003
GTAGCCCTGGAGCTATCTGT,1,0.51541567685442,0.5654403536128477,1.0
CCTCAAAACATATGGGGAAA,1,0.5965642433127234,0.773844200906494,0.575186392172716
CACTGCACGGTGTTTCGCGT,1,0.3666849888719542,0.475372225049579,0.747989179276716
ACTCGAGATACTAAGTCTAC,1,0.4941565373034419,0.5197758628501571,0.7834452861062211
CTATCTGTCAAGACAAGGAA,1,0.5733596682762055,0.6450711888925601,0.8766103324410911
CCGGGATATTTGCCTCCGGA,1,0.46323067723586336,0.44517812026375997,0.5473075830797275
GCGGAGCGCGTGCCCGTCCG,0,0.45260483416446506,0.432654460878309,0.1656823484120928
AGATACGGCGCCAGGGGAGC,1,0.4535407793088635,0.618853957495411,0.5251537302289343
CCTAAGGTTCCTTCGCGCCC,1,0.3798659943925021,0.6001033120555321,0.7175490711340061
CCCGATGGTACTTAATGCCG,1,0.4946251622047083,0.45395472895519984,0.8663504389964295
GTGAGGATATTTTAACGCCT,1,0.5343876965840051,0.5812625786091461,0.8796232810057263
TGAGCGCTTCAAGTGCCGAA,1,0.41040795999764895,0.3995251467142182,0.8315256585743855
CGTAATGTTGTGATTTAGAC,1,0.5492520626371978,0.6163535703761444,0.7758412439412102
AGGTCACACCTACATTCAGG,1,0.49102226343076927,0.5165188995928736,0.9860109001687353
AGCGGGGGTCCACTTTAGGA,1,0.5271200236945229,0.6187744709962544,1.0
AGTCCAAGTTCCTCGACGAC,1,0.40181556455627143,0.47772898656990154,1.0
ATAAATACTTCGAGCGCGAA,1,0.5710546394530435,0.6351616667326507,0.7297085388827727
GTTTGTCCCTTAGTCGAACT,0,0.49034547952402185,0.6508544772907878,0.4948466198173456
CGGAGAAGAGCCACCAGAAT,1,0.5485600118747526,0.7610151190870792,0.9744572469793267
TACATCCCCCTGACGGTACT,1,0.5433809072389637,0.6858893157510477,0.6380789120638182
GGTAAAGCTGAATCGCGTTA,1,0.544910993366356,0.5791331183064469,0.6459934262322101
CGTCGGATAAGTCCTACGGG,1,0.4901085054368634,0.469840843052974,0.7255623126389669
GGTTCCGCACCCCCACAACA,1,0.3721020759258799,0.6591574549384702,0.7700532747147764
ACGTAAGCAGAAGACTAACC,1,0.49977506019264106,0.7302694489604242,0.7012750416446049
GCTCTAGGCTTGGTTTCTCG,1,0.3679015692180091,0.6279733559841485,0.6757546190634665
TAGCGTCGTCGTGTGTGGTG,1,0.35432032787546575,0.6891001670456584,0.5810319992123002
CACCTGGACGGGAGTTGTTT,1,0.48063031538652484,0.5764825115553799,1.0
AGTCTTGAGAGAACTCGCCC,1,0.5941575065462313,0.5304742123021342,0.6537351716319589
TCCATGTAGCTGGGCAGACT,1,0.5625251525895145,0.5131783004460398,0.8676984237115117
TGTGGAACGCCCGAAACCAT,1,0.6405498817638404,0.682679061799444,0.6294960321618777
ACAGCAGAACGTTGGAGTCA,1,0.513427818751292,0.6257810051608352,0.9100525732823602
TTGCTACTTCCGAAAGCTCT,1,0.527655479761302,0.6337302445683182,0.8646109900972776
TGAGAGGGATTCTTAACCCG,1,0.5763641122317095,0.5442018102891379,1.0
ATCGAAACGGTAAGTGATAA,1,0.4994955905881146,0.6602335515798656,0.6927693588582328
ACAACAATTATGTACCCGGC,1,0.5454115319422441,0.633883762938815,1.0
GAATTCCGGGATATATAAGA,1,0.5032763094492092,0.6150624902469216,0.5746842090843135
CGTCCTCCCACTATTGTTTG,1,0.4630584371512225,0.7068698885628828,0.9850140571676487
CACATAGCCTCTAGACGATG,1,0.5408178117022097,0.5393607781821592,1.0
GATAAGTTTATTGAAGCAAA,0,0.4948457762251676,0.6017705105683155,0.4197625164620938
ACCATAGGCTCCACCGGCGT,1,0.4348931543431518,0.5049632733030437,0.7543676302938416
CGCTGTGTAACGAAACTAGC,1,0.6666299561833584,0.5966082439382614,0.9559191237793809
GAACTCTTGGATACCTAATG,1,0.5865165514247357,0.4899553849363795,0.825152200017386
TTGGAGCACATACGGATAGA,1,0.4899890306356121,0.6121389507393012,1.0
CATCGCACCTCTCATAGCGC,1,0.41073687067540954,0.6131497513045377,0.7905353670568481
ACTGAAGATCATATCACGCT,1,0.49978465440689746,0.5321108231941578,0.676131931211824
CGACCCTCACAAGGCAGCTG,1,0.4616508230404189,0.5671146365054056,0.7139163260733874
GACCATACACTGACCTTACC,1,0.50225258595484,0.7102861225693899,0.8374605182991194
TCAGTGGGCCAATGTGGGAC,1,0.4282729291868164,0.5603833693488047,0.755757905573945
GCCCCGTCCTCATCCGAGTG,1,0.47699957834840295,0.5861352931000029,0.5058373742025997
TGGAGCAAACGTGCCTGGAC,1,0.6011647527764132,0.5997197882009706,0.6265799506987014
GCACTGCTAATTGAGCGAGG,1,0.5577277985588726,0.5864413164529624,1.0
CCCTCCAATTTCCAGTGGTT,1,0.3873311069735367,0.5626223986294624,0.8289175695321421
CTAAGACATGCGCGAGGAAC,1,0.5838523162597381,0.7065776687399292,1.0
GTCCTGCTACCGTGTAGTTA,1,0.4594509924198541,0.5429146249417355,0.896702513704485
CCCCCGTAAGAGCGTCACTG,1,0.5227112544586616,0.5635165376705201,0.5861100907097411
CTCGCGGCTCACGAGATTCT,1,0.4455395376797043,0.4941624783296132,0.5196538886259685
CGTGCTCCAGGATTCGTGAA,1,0.47606295899432727,0.4363590523375982,0.7968968348462558
GGGCAATCACGCTCGGCATT,1,0.6033913877491563,0.44946594154658204,0.864735370528514
TGTCGCCCTGACTCAATACT,1,0.5056310340800823,0.6274027657150452,1.0
AGAGGCACAGAAGGCCACAA,1,0.2907389325268709,0.6853050204659324,0.8894049030522038
TTATTGGCCATCGACGCAAG,1,0.470571924700414,0.36972450513924826,1.0
CTACCAGGGAGCATTTCAAG,1,0.4237719499647805,0.4337464037853066,1.0
TTAGGCCCCGCGTCTGCTAA,0,0.5224631832849612,0.535345194225359,0.2569264771899064
AGCACTATTACGGCCTGCTC,1,0.4283290668849128,0.5000368770130651,0.8215343539673254
ATAAACCGCGGCGGCCGTTC,1,0.4307758943939315,0.4156149494259765,0.662498859082289
ACGCGCCCTTCTTGGACTGG,1,0.7422916948776141,0.717252367073329,0.5421661530056272
GGACATTTCCAGGGAGGGTA,1,0.5238932290531377,0.6504538182088273,0.5825700234553762
GGCTCGCACATCTTATTTGG,1,0.6129006205464389,0.6548263869523236,0.7559329569024178
CAGCTGTAGGCCCGGCTTGG,0,0.520782863728016,0.5639046292059,0.1758416003976095
CATACCTCTAGTGTGCTGTC,1,0.4855657038990162,0.6000821217085381,0.9368345841757253
GTATCCCGGGAACACAAGTT,1,0.541398012988194,0.5193952088232583,0.7306555102300252
GCTCCCTGAGAAGCCCATCA,1,0.5670856199072507,0.6731674949868574,0.958951844215018
AGATGACTCAAAGGCCCGGC,1,0.43946281492226946,0.5564149022709793,0.7206637607761056
GCCACCGCTCTGCGTATCTG,1,0.559091140183704,0.651610950745202,0.6337933745058055
GAGGTGACGGTACCATCATT,1,0.5439610762305984,0.5222875285067591,0.8433719231703964
TGATTGCAATATATTCCCAC,1,0.49635208597286934,0.5455986104244368,0.7271893130032923
AAAAAGACAATGTGGGCATT,1,0.5801078488530418,0.7316350098090598,0.8529010424655665
GGGCGTTGCGGTCATTTTTC,1,0.43363099844998104,0.724002340820073,1.0
TATAGCTCCCCAGCCCATGA,1,0.4262430006426685,0.5840333977201682,0.8585565128748048
AATATGCGCTTATTCGCGTG,1,0.4872970554739914,0.5261697763579463,0.7956255080411587
GGCGACCGAGGGAGCTACCG,1,0.4505626297282431,0.5932158471940755,0.6176199199463109
AGCGACTGCCGGAGGTGGGA,0,0.6271280192594072,0.7950868289909718,0.3324287358193082
AGGCAAGGGTGTGCAGGCTC,1,0.3067251100952147,0.5019688698711956,0.5922430333037931
AGTCACGTCCTTCGTAGCAC,1,0.44814304992489323,0.5066950675259864,0.7690858393817191
TCTGGGGATCAGCGTTCTGG,1,0.5813765865784805,0.7232357364350774,0.8759341417947218
ATGGAGAAGCTAGGCGTAAC,1,0.47516770686016657,0.6486405805153448,1.0
TATCTTTAAGTTGGCTAGAT,1,0.5251849666930964,0.6268650950761328,0.6774342408316888
CGTACCAATCGCGCAGAGTT,1,0.3294391985336399,0.33321944790814506,0.6683317636374668
GCGGGCCCTAGACTTAGAGG,1,0.5414234449633716,0.5601395003931038,0.7833603242475753
CATGAGATCACCTTTGTTGG,1,0.6777009573196651,0.6759813834882238,0.8093268844718432
AAATGGCCAACCGGAACAAA,0,0.4793994230175039,0.8370618666233032,0.40243566858204327
AATCTCTGCGGCCGTGTTAT,1,0.49317176036008326,0.5840520030109818,0.9219686479818878
GTTAGTTGAAGAGGCCTGCA,1,0.5037807512045227,0.5777475204101008,1.0
CTGCCCAGTAGGATTCAGGG,1,0.39538462104373673,0.41922691960943065,0.7233369203845958
CCATTGGATCTCTCGACAAG,1,0.5088121748674416,0.5064831138436514,1.0
TGTGCCATCGAATGAGAACG,1,0.5023875136963362,0.5185295165128652,1.0
GATCGCCGCTTGGAGCTAAC,1,0.6329868076527514,0.47777120486804864,0.8374388714111576
TAATGTGATTACACCTGTCC,1,0.5557622350042075,0.5786669823317793,0.7779242528227346
GTGTGGTACCAAACAAGAAC,1,0.5482074861673442,0.6668308093144011,0.5924799031316021
GCTTTCACCCTCCCCTTGTG,1,0.6312969675403162,0.893786411082971,0.5817231583033448
CTGGCGCCAGAGAATTCCCT,1,0.6008551834825695,0.5490217786570156,0.7249028271811859
TAAGATGTGGCCCTGAGGGA,1,0.6039294398040977,0.7214264556087786,0.9494693923119475
ACTAGACTCCCCGTTCGAGG,1,0.6576657165292115,0.6072476848219441,0.6946363533439729
TTCATAGGGCGTGAGACCAA,1,0.5785780629387522,0.574477530146494,0.8573790667966549
TACCCCTAACGTCGTAAACG,1,0.5362029304960697,0.6226680673619168,0.6852405455212888
GGACACCCGCAGCCGTAACT,1,0.5834140364092354,0.6590302885874306,1.0
CAGCAGGGGCCACCACCCAC,0,0.4909474446383169,0.724630179650499,0.4141264703760464
TACAAAGCGTCTGCTGAGTG,1,0.47152799539253626,0.4697680984400795,1.0
TCGCGCGCCCGTCTTTCTAG,1,0.4051092499448676,0.605154896328698,0.5447500934941235
TCACTGGCCGAAGGGACCCT,1,0.6623543378027346,0.5841277722268416,0.5279460491262967
ATGGCTACCGTATGCAGTAG,1,0.43921201334160526,0.44366819132104035,0.8600577294740469
CAGGACGATAGACCGATTTG,1,0.5584317281268116,0.5907327972675848,0.8058367519863766
CGTAAGCGGCGAACTCTAGC,1,0.5619530510517127,0.5199746001925183,0.641277351129397
CCTCCTTTCGGGAACCTAGG,1,0.7172152887261832,0.6953090388994758,0.758630486170294
ACCGAGCGCATGTGACCGCC,1,0.4945988824602988,0.5190756882437126,0.669675324782132
TATATGTGAGTCTCGGCAAG,1,0.3639708098683502,0.433787252137265,0.887500169906348
GATTTTTGGGGGGTACCCGC,1,0.6926223583261295,0.7927051560239681,0.6888154474803738
GCTGCAGGTAGGTCGCAGTG,1,0.26573903434883633,0.4759037320199836,0.7934516543946623
TGACTTGCGGCTCAAGGGGG,0,0.46952562928020924,0.6297508646632859,0.4905004992629885
GCCCGCGAGCGCCACGAAGG,0,0.37590053473611873,0.5094863560800056,0.4330263989232877
GGTTCCGAGCACCACCCATA,1,0.494745806436912,0.5880771516141655,0.663727313120653
GAAGGTCAGTAGACGCTCCC,1,0.4448524765365448,0.4468413970146671,0.8386147193261184
GACCGGACGCACACAGCCAG,1,0.44140249260773706,0.6574010038020115,0.6142955098730427
TCTTCGCCGCGCTAGTACGT,1,0.3417536740698146,0.48549580165311657,0.9171513431910727
CTGGGTACTTCCCTCCGCAG,1,0.5326812737638609,0.6160816964859038,0.503591760917593
CGGGTGGTAACGGCCGTCTC,1,0.5191308647379038,0.53163425479702,0.5705857189100447
GCCCATGCGCGTGCGGCTCG,0,0.43652524321763425,0.43393621390605297,0.1394616839978375
CGACTCCTCCACTCCCGCGT,1,0.4151510848207719,0.7458719525031475,0.6192389026510918
CCGTCGCGAATCCCCACTCG,0,0.509549460325269,0.6914661580569887,0.36740151516169994
GCCTGAACTACGGGAGGCCC,0,0.5599143246311323,0.5672360235987818,0.4669685705548885
AATCCACCACACCGGGTCTT,1,0.4832512673512461,0.6088879321676333,0.8606612231107125
CAAGCCCGCCGAAACGGGTA,0,0.5043497640284108,0.6575880368506251,0.23811737731202837
TTTGGGTGGGCCGCTTCTGG,1,0.6152207339800245,0.900826990817408,0.5039511933121152
TGCCCTGGGGTTTCATGGAG,1,0.48864003353784013,0.6744638116699392,0.728271848663423
CGCTGATCATAACCGAGGCG,1,0.44688413013009,0.42859167245298024,0.779332120821158
GCAAACTCTCCCCTGAGATT,1,0.6624425918014942,0.6803484640107073,0.7746598138968381
ACCCTCCTCGACGATACCAA,1,0.6145124638213991,0.841328950659119,0.6661302548426513
TCAAATCGTACTGGAAGGAT,1,0.5297197518722132,0.5568711002902972,0.8406109423704244
CTGGGTCAGGCAAGCTCCCC,0,0.6111164612098867,0.5439299164111007,0.45442048557783055
TGGTGTCCTGTGCATAAACA,1,0.552429365191392,0.48698996457567195,0.7673517318292826
GGTTCCTTGGGCACGTCGGG,1,0.39832297433143793,0.615190729536189,0.5527936765050717
TTGGACCGTAAAACTCGTCC,1,0.6549691591679807,0.5775484386326821,1.0
TTGGCACCGCGAATTCAGAG,1,0.4565962507994752,0.4123526420031342,0.9963161638497919
GTTTTGAGCGAACGGCGCAA,1,0.5343178868187746,0.589101711170694,0.6068932110296981
CCGAGGTCCGAGGTGCAAGC,1,0.4655390435350508,0.5024102666594908,0.5357096644576935
ACTGTTCCCGGTCTATCGTG,1,0.41461709648184775,0.5724642656196065,0.9603057470201926
GGGCTTATGTAACCCGCATG,1,0.5738649549418148,0.5164360381508968,0.6723327819748419
AGAACACTATATTCCCTATT,0,0.5921168767452691,0.6668135363023768,0.3166661420612069
CTGGCAACTCAGGGAAACGT,1,0.45791423733654735,0.5416465776398519,0.871190588455214
TACCGGCACCACGCCTGTCG,1,0.5480541317008369,0.6289040389038968,0.6077576827219782
GCCGCCTACGCAAGCCCACT,0,0.4561763923029897,0.6678658628309188,0.37750804552685213
TTGGAGATACACGTCCGTGG,1,0.6087110608151864,0.6072408548594113,1.0
CCTGCGCTGCGATCAACCGC,1,0.5925525372386006,0.6446701275392853,0.5160518728762258
TATTCTCAGGGTTCCCATGC,1,0.3602440724463314,0.5034561831946331,0.8729796593385223
TCGTCCCCTTGGTTCCATAG,1,0.46326384255402697,0.6521385711375732,0.7716528133231063
ACGCCGACCTCCCAGTCTGC,1,0.4795091525170346,0.6660391703112187,0.5241039301197358
CCCGCCGGCCCGACACAACA,0,0.533295206162494,0.8463264953559626,0.11877113124629415
AATGGACCATACGCACTTGC,1,0.6081734660782684,0.5896502086917041,0.7765295401952239
GTACGCAGAGACTCGGGGAG,1,0.5255002923017063,0.6970393787714797,0.8280901352644817
CATCGACGAACTGTGGGGGG,1,0.6398446277813419,0.7621839383371629,0.68926417405925
CAGTTGTTAGAGAATGACTG,1,0.5566511524135029,0.6367065854104536,0.9047125197376502
CGGCTCGTTCGCCCGGCGTA,0,0.3725635903625443,0.45992739793203385,0.0
ACCAAGTGGCCTCCCTTACC,1,0.3747241057576657,0.6249409342036716,0.5895902172189026
ACCGAGTGCCCTAATCCTCC,0,0.433472708434424,0.6384260047779373,0.38149321924026586
CGCCGTGTACGCACACAGGG,1,0.42252038626107263,0.4285370226518941,0.5716721229380983
GTTAACGTGCCTTCCTGGTA,1,0.5418357894211658,0.618567104070076,1.0
TCCAAGGCTGGCTCTGCCGT,1,0.3896985866603072,0.4555908064259261,0.6595389090082513
CGATGGACCGAATGGCGCGT,1,0.42485548374469345,0.5146387775667586,0.73793149862735
TTGGGAATTCGGACTCACCC,1,0.7015034029972557,0.6109358869620876,0.8016998567551601
TAGGAGTCGCGGGCCTATCG,1,0.42205374002672275,0.49854370580526275,0.701415242047487
GCGAATGGTGGGTCGCGTAG,1,0.32374030783743046,0.6259363194245497,0.6502689199610495
GAATGACGAAGATCACGGCT,1,0.4642777380876704,0.5957971020420066,1.0
TACGCGCAGTCCCAACATTA,1,0.38844916133934265,0.511492205016385,1.0
TCGAACTCCTGGGTCGGCTG,1,0.5666673288666902,0.6207965696883887,0.5374650545820916
GTAGCCAAGGGCCTGGGCAG,0,0.45722411421191145,0.5645670713329299,0.46247853170727576
AGCGTCGGACCATCCTCCGT,1,0.548317419832909,0.582303859649017,0.7296052693352036
GGCGGTGAAGAGGGGGAAGC,1,0.4390957126894615,0.8760697131520387,0.6357678774754085
TGACCCAACGTCATCCGTCG,1,0.47878470700635223,0.576682210652697,0.7902370068103269
GCCCTGCGCTTATATATTCG,1,0.4422335092926447,0.5395910247020282,0.8804979040117303
CGCCGAACGGGGTGCGCGAC,0,0.5053647824451255,0.5363100246007987,0.30625218108253627
GGTATATTAAGCAAAACCTG,1,0.6225789619832759,0.6397266703212665,0.6073272589814227
GCGTACCCAGCCGTCCGTAG,0,0.4321738132194185,0.4324484633531653,0.4000032210563034
GCCTGCACCAGGCGGATCCG,1,0.45253138515645,0.41444736139142246,0.7600162009076394
CAAATGGAGGAATGCCCAGG,1,0.45671842755944414,0.6654512262543125,0.8351291227247307
CGGTCAGACCGCACTTGGAG,1,0.6147193696619584,0.5388587405818747,0.7626512650977939
CGCTGTTGCCCTGTTCTTAC,1,0.4535585373044458,0.7333780075519296,1.0
TGAGCACGAAGGCCGGGCAT,0,0.4665861478519441,0.5552199587612627,0.48277859012981184
GAATGATGGCCAATTACTGT,1,0.606494365481828,0.561515520956227,0.8214819624809196
GCCGCTTGGCCGAGCTTTCG,1,0.49367660237080424,0.6053943165241938,0.7170506926377591
CTCTTCAGTTCCCGGAGGGT,1,0.35892729300712606,0.4955044409983156,0.890787745513355
GGCTTAATAGCAGTCAGATC,1,0.3156538549195786,0.3334948279383337,0.9047052624149563
CTCTCGTTCCTTGCGTGGCG,1,0.5168740335904174,0.754909604113303,0.7095306932735225
TTGGCGGTCGTCGCACTTGG,1,0.5190561771589948,0.7011300160491373,0.6229767454338919
AGGGGGGAGCACAGAGCCCG,1,0.5409647262380568,0.7586584786807763,0.5014121404975148
GATTCGGCGCAGTAGCTCCG,1,0.43730779427653566,0.3967632608169037,0.6340220105349391
GGCGGCACCTCCGGCTAGCA,1,0.5161039730827852,0.4803549698828239,0.768415806661606
GTGTCCCCCCATCCGTTTCC,0,0.4010065296926779,0.7264896284476074,0.3795436398403632
GGTAACTTCCGTCCGCGCTC,1,0.47108068253489843,0.5817673550550413,0.9481769921297549
CCTACAAACGACAGGCAGTT,1,0.3724246402101185,0.5184497865972337,0.6805348123125452
AGTCGAGGACTCGAGACGGC,1,0.4583666838059113,0.5543666768772403,0.7365430032234735
GCGCTCTCTCCTGGTCTGTT,1,0.521976322457616,0.8110397210474314,0.8984759124762841
ATACGGACGCGTCGAGGTGC,1,0.43521506685155087,0.4992774656973026,0.5030091569121627
CCTGAGTTTAAGCACAAACG,1,0.5524549127421252,0.5757912682089337,0.71471910426665
CGTCAGAGCGAATTCCACTA,1,0.44294803157936063,0.4850223107586233,0.9568961688775548
CGCGCCGTTTAATGGCTGGG,1,0.5012353226633559,0.6161492862752044,0.7293086385819817
GAATATGTGGACCGCCCGAC,1,0.5398531050174555,0.543905017009988,0.6832721655241312
TCGGAGTGTTGGCCATGGGG,1,0.40996132234340443,0.6972559920069926,0.5633524442040526
AAGCACTGCCAGGCGGTCGC,1,0.4268684136780544,0.43862786105028934,0.8262504147086595
AGAACCTCGGACCAGCTCCG,0,0.5299879074170041,0.6288879917028187,0.40356759034145323
GCAGTCTGGCGGGGACAACC,0,0.6557104805287055,0.6411733338471107,0.4698338307065862
TGCCTGGAGCCGAACATAGA,1,0.5696098744044085,0.5826203801934527,0.9955999561908289
AGTAGGCCTTCGGTCTGTAC,1,0.49127990277994177,0.5266449891586366,0.9254310615327428
GGCGGGGCAAGGCTGGGGGA,0,0.4983439495259619,0.8946251507742333,0.0
GGGACAAATCGCCAATGGGG,0,0.6189002739124327,0.7576601737350404,0.358242440157172
GGTAACGACCGTGCCGTGCG,0,0.6023659120780559,0.5618429608740583,0.3653847354781081
CGCAACCGAGGCAGCAGCGC,1,0.4014736162179153,0.5630120936683565,0.5337225105037212
CGTCCGTCGCTCGGGGAGAT,1,0.5438992856970749,0.553836196612519,0.684572653453753
CTGTCAGGAATTAACCGGTC,1,0.5132660186285766,0.3893692424926766,0.7992504059769305
GCTGTTCCAGTAGGGATCAC,1,0.48151244817863875,0.43851112237260326,0.8498919138424962
TATAATGAATGGGGCAGCGT,1,0.47779404832684136,0.628176771421251,0.6156582640292162
ACTCGAAGGAAAGTACCCTT,1,0.5955320047585958,0.6046161701921327,0.5720197943936737
CTTCGCAGACCCACCCTTTC,1,0.6197928133528152,0.8721068630583971,0.5916909711776497
GGGCATTCTCGAGGCGAAGC,1,0.5203931465648364,0.5524382245395587,0.5477537407433991
GCGGTCCCGCTGGAGCTGGC,0,0.5118420711829201,0.5346357881336752,0.3288553390556266
GTGATGAGGGACACCCGAAA,1,0.6513402555503349,0.7936749419177718,0.6775965392080695
CGCGTAGCGTGCCGATTCGC,0,0.34604410451955586,0.36975692547277955,0.4726290530230513
GAATAATGTATTCGCTTCAT,1,0.4333861223752463,0.4489681492241905,0.7188592559123601
CCCCTGAGCGACTCAAATCG,1,0.5877246424065873,0.6756710063811971,0.8491777174042716
GGGTCGTGGGAGGGCCGGCG,0,0.4482042212731062,0.8155921523886385,0.1711444398548112
ACGCTCGCAGGGGGGCACCG,0,0.5910652039715514,0.5833902247222146,0.26774937099262897
AGTCTCATGCTAACCGCAAG,1,0.4097954967921386,0.46854438916446384,1.0
CCCCATCGCGTGCGCCTATG,0,0.4331291395754958,0.5528593702729262,0.4114457462292005
CCCTCCATCGGGGGCGCGTT,0,0.4858755495119123,0.5220353566308036,0.4686507416790379
CATCTGGGAGGTGATACTCT,1,0.6121020539394392,0.5717010643254345,1.0
AGCGTTTATCAAAATGGCAA,0,0.4138190380879,0.49225300995870924,0.4899806863246553
CCTGGAGGCAGTTCACATCG,1,0.525985337658522,0.4068192483580195,0.6665056165164288
GGGCATGGCCCGGCCCCTGC,0,0.5976385553524959,0.5310811523491807,0.2388706962394089
CCAGTACCAGCCAGCTACGC,1,0.3529007937307124,0.564901677723657,0.6877131556411588
CTGGAAGCGATACCGCACCA,1,0.621889709451917,0.7001937214673666,0.9186730475546339
CTCCATAGCGGGATCTCGCG,1,0.39410902728354424,0.37334754775578627,0.6685156166550689
AGGGGGCCCGGCAGAGGCCG,0,0.40299762257453925,0.6113203696887226,0.16927090485929228
GACGGGCACGGTGGTACGTC,1,0.43487769914401087,0.5413914413428806,0.8359947788347173
ATGGCAGCTCGAGATCCGGG,1,0.5062961907837302,0.551971539516148,0.75396290657019
GTGGCAGCCCGTCCCTTTCA,1,0.5479651500983846,0.6193901875120768,0.8477153390695702
CACCTCCCGCGACCACACTC,1,0.4653676355667867,0.8630027661893364,0.5157739972776819
TACGGTCGCGCCAATGGCCA,1,0.34097606518284335,0.35457907934123173,0.6051027622839971
CCGTGTCTTTTCTTTTGTCG,1,0.4372577220184263,0.8827550350539125,0.8984114247819679
GAACGTTAAACTGGACGTGT,1,0.5581430854684013,0.5755145365361971,0.8196668294267652
CCCTTAAGGCCGCGCTCGGG,0,0.4927356528850909,0.4548414503438133,0.2848406285847082
TTCACACCCAAACGCCAGCA,1,0.2902621896043111,0.6577674093864331,1.0
TGTCCTTCGACACAAGACGT,1,0.5082325521170421,0.45796097464087293,1.0
GCAGGGCTCGGTACCGCGGC,0,0.40180787155775183,0.39888621694928594,0.09112311492922817
ACAAAGGATATGGGACGCAC,1,0.5281560457427923,0.7135934265743126,1.0
CCGCGGCGCGGCGGGAGCAT,0,0.49268479114264513,0.5427600579421182,0.24508803869586973
GGTCCGGAACGTGACCTGGA,1,0.5578358676660627,0.5735757295961325,1.0
CGGAGGTGCTGCTCGCACAC,0,0.4455908253171727,0.3603189481226162,0.4370835470511564
GAGGCCTGTGCAAAAGGATT,1,0.4990361299354009,0.6206535931432209,0.7986432704761962
GGGGCCGATCTGAATGGTCC,1,0.45519229288475593,0.5299511931045328,0.7041145120217636
TTGGGCCCCCCTTCGTGTGG,1,0.6709077202568561,0.8074621790771758,0.7310174086922652
TCTAATGGCGTAATCCGAGC,1,0.5077518358315866,0.3848892299584631,0.7470204910464495
CTATGCAGAATGACCGGGAG,1,0.5081393770086764,0.6107295207902977,0.8492014576975108
GAACGCTCTGGAGGGGGCAC,1,0.6722296545330926,0.7368303849272222,0.5509294922395491
TGTGGGTGCGCCTACTGAAC,1,0.6224992963589944,0.6409897197157529,0.5811586068742793
CAAGCGGCGCGAGTCAGCAC,1,0.3430534099123507,0.45900990461138613,0.5381921595322618
CGGGCATGTGACCCCTCACG,0,0.5636489374003683,0.5083703002868487,0.3384249760762209
TGGTCCATTGCGGGCCGTGC,1,0.43842686709840717,0.584233780337599,0.599507457327108
TCTACGGCGAGTCGCTCCCC,0,0.49988487712242435,0.5910903405544206,0.463240236943511
GGCCCGGGCTCAGCAAAAAA,0,0.4562203426629627,0.6447159102195954,0.43468620666111624
CCGGTGGCGCGGGGGCCCCG,0,0.5785619958003212,0.6081195504236004,0.11194747838386902
CGCGCATCCCCGGCGACAGG,0,0.47713374556956734,0.5132274678978681,0.41497556505083677
GATCGGCTAGTAGACCGGCG,1,0.4052108695399054,0.49409156340472593,0.5683455229725158
TCAACGTCGACCCGCTGGAT,1,0.5713732144052006,0.5546561563782401,0.7256198355900704
TTTTTCCCACTTGCGCTGGT,1,0.4600051471020487,0.761145165406184,1.0
GGTCGCCATAGCCACCGATC,1,0.3972931863867576,0.47217740716699474,0.6364933764646394
AGCGCACCAGGCCCATCCCC,0,0.370254629741041,0.6600516819895784,0.07002381069564981
GACCGATCACGCGGCTTCCC,0,0.3378567261381789,0.4752765814707396,0.23876455246233141
CTCACGTATCCACCCAACCG,1,0.3558964309335677,0.6895052747742716,0.8179180821397369
CGCGATGGTTGCGCCGTACC,1,0.4845327922071377,0.4534086273913215,0.8696317267028981
GTGGCCATCGGCCTGCTATG,1,0.595665808155923,0.6177361271830603,0.5801651652860303
TTGGACTCCCAGCTGTGGCC,1,0.6319989802042818,0.629175899530691,0.7542718513785165
CTTTCCGCGACTTTGTGGAC,1,0.6150761787555236,0.7480117380031915,0.6508588710861832
TGAGAGCGCCTTCCAACAAA,1,0.39027173980790636,0.5348609330004341,0.95189155019701
TGTTCTCACTTCTCATCGTT,1,0.3860543378962652,0.7465815243901239,1.0
CCTACGGCCGGGGTCGCTGG,0,0.4348223470356464,0.4827756582444914,0.15378972271313684
TGCCCTAGGCAGGTAATCAG,1,0.46088104589152235,0.41402918155694746,0.6369398730597622
GCTCCCTGGGCTGCAAGCGA,0,0.6168714665262659,0.4756411211920816,0.4975962514379573
GGCGCCAACTTACAGCCTGT,1,0.5853053679824349,0.563953613437053,0.8491458855082131
GACTCCGGGCAACGCACGAC,1,0.55513509672404,0.6468636089864161,0.5086063330710473
CACGTATTCCAAGGGTGACG,0,0.42296206779121526,0.4070142493870549,0.42713076315707244
TCTGCCGTGCGCGCGGCTGA,0,0.411363941746356,0.48858658267694144,0.4121717657156391
TGGGCGCGGGTCCGTCTTCG,0,0.4900736799539164,0.6669894093153468,0.23523517665099403
GGCCTCGCCTTAGCGCCCCC,0,0.487331367696709,0.6974634092630512,0.050491993296070015
GGCGCGCGAGGCTCACGCGC,1,0.3980892900899874,0.37405171395835896,0.7178867870991084
CCGCGAATGGTTGCGGCGGC,1,0.49157079062297226,0.52033816800876,0.6472732916657906
TGCCTCGGCGCCCGATGGGC,0,0.4700869772566548,0.49153320387308624,0.2910585231917198
CTCCCTGGCAAACTTCGATT,1,0.5951736825157036,0.691529907451028,1.0
GCTTGGGCGGGAGGCGGAGC,0,0.5901813408183996,0.8465052996444908,0.21548243896488753
CACCCTCCCCCCAGTGCAGG,0,0.525133944158806,0.7435139790134586,0.09316984627240583
CCGCGAGTCGCGGGCGCACC,0,0.5118336761652742,0.46791266541528415,0.3302081981341666
AACCCCCAGGCTGGCTCCAC,1,0.5298333267852146,0.7311972429856003,0.5745052418363589
GACCACGCAAAAGCATGCAC,1,0.32067556456747265,0.6458959114957064,0.7395361565368985
GTGGCCGCGGCGAGAGCGTC,0,0.4382779497253974,0.5454475495040726,0.4131437732754945
CGAACCAGCCCCACTTTGGA,1,0.7362884367250737,0.7914832641125413,0.8231801724627735
ACGACCAGCACGCTTGAGGC,1,0.5991150910881929,0.6322372988204701,0.7832300860321731
CCATCGGTGTCCCCACAGTG,1,0.3692545683514391,0.44935094092245687,0.8307592476657417
TCGAAGCCAGCAGGCCGGTT,1,0.45576871105082184,0.4316192624481843,0.6811949521003736
GCGCAGGACGGTCGGCGCCT,0,0.45560463408476054,0.4509581085519013,0.30031217680771083
CACTTCCGAGGGCCCGGAGT,0,0.5036382639205601,0.4101426773201493,0.26172452953877423
GCGCGCGCGAGTGGACGCGG,0,0.41034666084930266,0.5684854636303028,0.40706028294920404
GGCGCAGGATCCGCCATGCG,1,0.5207613062555589,0.4592541810350319,0.5491955585708349
CCGGTGCCGTCTCTTCCGCC,0,0.3875597384809254,0.6633713049005378,0.4369641387702534
CTTTAGCGCGCTGTGAGCGA,1,0.5372939275705109,0.5683753936266271,0.8778862383144794
ACTCAACGTAATCGTGAGGG,1,0.56251735598416,0.5802722557723917,1.0
GCCGCGTGGGCCGGGCCGGT,0,0.498751756215424,0.6037565537655851,0.0
TGTTCGGCCGGGAGAGCACG,1,0.519206792611108,0.6041419751096774,0.6615788756401686
CCTGCGAAGGAGGGGACGGG,1,0.520496761235021,0.7858019504689905,0.5125615550014716
CACACTGCGCCGGCCGACGG,0,0.5452284442951841,0.5584030086921362,0.3821261095073148
CACGAGTAGAGCCACGCCGT,1,0.45250875515478556,0.506431053424609,0.6911760386247924
GGCCTGGTGGTCTAAGGGCC,0,0.465565373607172,0.6032013426170997,0.3967986777732745
AGAGCACTTGGGCCGGGTCG,0,0.5791578724479417,0.6449014375628337,0.35408509100033736
AGGAGCGGCCGACTCGCTAT,1,0.5177648194410993,0.4730914150980796,0.5369454507998087
GGTGGGCGCAATCGTCTCCT,1,0.5868451089901497,0.6078590440258503,0.6319635862303457
TTGGGGCCCCTAACGGACTG,1,0.6180097234807272,0.5773141297857167,0.5440562234680312
TGGAGCGTTGTCTAAGCCGC,1,0.4644464242934044,0.5161826234696459,0.6282637613541535
ATGGGATACCGCAGCATTTA,1,0.578133188339929,0.5170546945614105,0.7857843991992303
CACCTAGCGGTTGGACTGGA,1,0.6383224610261912,0.586445135023735,0.5514550316391909
CGGGGGCGGTAGCGGGTTGT,0,0.3761345421466427,0.7607791218536429,0.3718615583246178
TGGCCCCACGTTGACGCACG,0,0.5159585908501446,0.5087818538366765,0.32417404294603436
TGACTCCCGGTCCCTAGTAG,1,0.5212923250655982,0.5427398352972468,0.7103202763922535
AGGGATGCTCATACATCATG,1,0.4590069606325688,0.42510743051277194,0.8044431712935375
CCAGGCAAGCGCGTAGGGTC,0,0.2975874761354698,0.37466853139508904,0.3447792254831935
CACCCCCAGTCGAGCATGCG,0,0.47222308695032866,0.585293204498445,0.26170337471050165
GGGTTCACCCCATCTGGGAG,1,0.5940926738344242,0.5176114821880118,0.632070665814259
GCCCGAAACAGGCCGCCTAG,0,0.5207697830394468,0.6037602643112588,0.43509583090875914
TGCCAAGAGGGCTGGGTAGC,0,0.3856070821239791,0.5677580775140094,0.45650016734795607
CGGACACAACAAAAGTAAAC,1,0.40332427727580533,0.8165158523282953,0.8899444763202802
GGCCGTCGCGCGGCGCCCCC,0,0.5220137977108374,0.5542707890167055,0.0
ACCGTTTCCTGCCGGCCCCA,0,0.4930985115530647,0.693843909468536,0.4569623636093488
ACGCCCGACGCCCAACTCGC,0,0.41876425737995515,0.709521267560079,0.4268190799461551
GGGGCGGTCCCAGCCGTGAC,0,0.4603453583012955,0.44387233750796995,0.02930956359161646
CTGCAAGGGTGCTCTCAACG,1,0.42527651570395786,0.31707478606871753,0.9066819462727711
GCCTCCGCCCGGGCCGAGGA,1,0.5740729678896702,0.5083780487999057,0.5011934143793482
GAGGACTGCGGGGGGGGGGA,0,0.5667311518415291,1.044156398195136,0.0
GCAGCGGCCAGGAAGGATAG,1,0.36697166235310685,0.6408965757504836,0.6654015746697927
CAAGACGGGCGGCCACTCAG,1,0.42085614891317524,0.5359988493674047,0.5958384533561829
CTCGGGCCCCCCCCTCGGCC,0,0.5673196929329243,0.8517912566463973,0.032613096365444315
CCGCGCACGCCGAGCCTGCC,0,0.4350021676858079,0.5915357881085596,0.19076737127916832
TTCGTTGGGCCAGGGCCACC,0,0.6927136245927398,0.6221156420340467,0.23613947079328074
CGCCACCCGCCCTGGAGTGG,0,0.6458966336005307,0.5719823187779892,0.18998437734338802
TGCCCCGCGCGCTCCCTCGG,0,0.45698581180439035,0.654438283113822,0.20787750714239311
GCTAGGGCGATTCATACGGC,1,0.41459680460079895,0.4112869745001081,0.9507489154972918
GTCGCAACCGCCCACTGGGC,1,0.5728461330014961,0.5877798060146537,0.5606323438257204
CGCACGCCCAGAGGTACGAC,1,0.4310916806426114,0.5637434211911326,0.5120569100313757
CGTGCGGCCCGCGCAGGCCC,0,0.4661694618970273,0.46847204135258813,0.205547475020897
CAGCTGCGGGGCCGAGGTCA,1,0.4726148257998476,0.5370751829495899,0.5665745918637366
CGCCCCGGTCCCCGCGACCT,0,0.4492880428691187,0.6813084418066051,0.0
GGGGTCGAACGTGTTAAAGC,1,0.4161296139514312,0.5935426254582629,0.734688654407287
GCCTAGGTGCACCGGTGCCC,0,0.49275199379349105,0.46132041308896443,0.3689464058970953
GCCCCCGTCGGACGCCCCGG,0,0.5378505805457039,0.6348826000580593,0.03106819156063098
GAAGTGGGGGCTACGTTCAC,1,0.4700185704588655,0.5777531455207559,0.7279071568226819
CCGTGGCCGACGATCCTGGT,1,0.5939037273760313,0.5487860213074636,0.847261891154173
CTACGACGGCTGTGGCGCGG,1,0.4883190661362963,0.5314493750334294,0.6133192570806445
GATGCAGAGCAAGAACTAGC,1,0.47612879618847287,0.6707811248776524,0.995866609522665
CGATCAAGTCGAAACCGCCG,1,0.493085479243896,0.6103751003043,0.5534072751935547
CTCGCGCCCATGGCGTAGAT,0,0.43045939296227054,0.4022155098445153,0.32225145544799155
ACGTCCGAAGGCTTAGCCGC,1,0.40706951266999447,0.4012795314586846,0.6179968267394175
TGCGCCGCGCGCACCCGAAG,1,0.42538179176600044,0.4643384239131592,0.5450377248613586
GCACCTGCAGGAACATCCTA,1,0.5363590106749099,0.6467779056939678,0.7437931367217713
AGGCGGCCGGCCGCACCTTC,0,0.511613323195401,0.5044774241619855,0.2533787000270926
CCGACGCGACGTGGCGGTCT,1,0.41399356870190107,0.3919661390396364,0.5504229755171037
GCGCGCGCGACGACGGAGGC,0,0.36049800643140933,0.49596105958303305,0.326853137134428
ACTCCCGTCTCCTCTAGGGC,0,0.5162218663243606,0.6970454352534224,0.4852938405618056
CCGTGAAGGCTGAATCGCGA,1,0.5129678425841401,0.5336566524176224,0.8339339422136913
GCTCCAGGCGTCGCCTGACG,0,0.37192781366691413,0.3691636997749154,0.25007161429600894
TTCGGAGCTCCGCACCCGCT,0,0.6032811176098857,0.6906987157478449,0.4179744131359304
CGCGCAGGGCGGCCCCAATT,0,0.4710339020352553,0.43564915716172015,0.4130181139411062
AGGGCTGCCGGGCTGACGCT,0,0.42487767728940373,0.5160545362434996,0.3535506637949343
GTCCGCCGGCCCGCTGACCG,0,0.419410401528188,0.49669612587220896,0.0
GCGGGGAGCGGCCTTCGGGG,0,0.6380125051184227,0.8367921677650647,0.07229111320307752
GGCGGTCCCGGCACGGGCCA,0,0.3722029654349116,0.35059581494281267,0.28082580553056447
CAGCCAGCTAACTCAGGCCG,1,0.37696000314680933,0.49344649120956136,0.6851319221265065
CGCGCTGCGAGGCCGAGCGA,0,0.4822193021424228,0.5176632156497256,0.4725242052946436
GCCCCATGAGCACGCCCACA,1,0.4523806715138683,0.711152298983438,0.551032536802337
GGGCCGACACGGGCAGGCGG,0,0.514347356777082,0.6801096749164766,0.0
GCGGGCATGTGCCCGCTCCC,0,0.4890447686251269,0.49968156042966105,0.0
AGGCGCGACGGTAGGTACCG,0,0.4207769378358792,0.5468041536319602,0.49109938451309987
GGCGGGGTCTGGGGGGGCGG,0,0.45824280478070945,0.9611470105677903,0.12751171963007246
CCCCCGAATTTGCTCCGGAT,1,0.536771659823648,0.6369513614277784,0.7986868947389142
GTCGGAAAGTCCTGCGACCT,1,0.6052855563060235,0.49103856099701676,0.8532096525760597
GAAGTGCGAAGACGCAACGT,1,0.5553328548515681,0.6984431590781418,1.0
CGAAGGCCGGCTGCTTCCCG,0,0.4340691320509683,0.40474622985686326,0.32351282472425913
CTTGTCCATGGGCCATAGGC,1,0.45123742357424546,0.42615244750882286,0.8876723369528354
CGAAGCCCTACAGACACGTC,1,0.4067986904314037,0.6196263578577973,0.7329357034211615
GCGGCACCGTTGCAGACGGG,0,0.5485646863866048,0.5950517444035219,0.4197587932097728
GCACGCACCTGCGGTCCCTT,0,0.5097227654116859,0.6250271770955903,0.36947352948119017
CGATCGGGGCCTCCACGGGG,0,0.5376623243529902,0.5138505821528023,0.432987078003313
CGGAACCTCCGGCCTGCGCC,0,0.6111857440364202,0.6640475176123178,0.2654837133239271
GGCCCGCGTCACGGCCCCCG,0,0.44819231955096966,0.5539119562853616,0.0
GCCGGTCGGGCGTAAGGCGC,0,0.39734164342349154,0.5144115529478208,0.21919609777978089
GGGCGAGCAACTGGTACGGC,0,0.5840820647488918,0.6738588165009969,0.4413460523351669
GACGCCACGATGGCCAGGCC,0,0.425276633445314,0.504770852360729,0.4037826022253201
GACCCCCCTCCGAGCCGACA,0,0.5844057690900041,0.8419689378432352,0.32150982645502957
CCCCGGCGAAGGCTCGCCCC,0,0.5300173482699289,0.6680673890898509,0.08213712363590227
CGCACCCCGGGGCAACCGGA,0,0.5854953213828542,0.6953234773408566,0.0
TCCGGTGGTCGGCCCAGCGC,0,0.5023479184126349,0.4806473142469345,0.1209421826596909
GGCTGGCAGGCTCAGCGCCC,1,0.44489752130951266,0.36209277727017775,0.5506077444266371
AGTAGCCCGCCCGAAGCCCC,0,0.3738483841587486,0.6028218738932696,0.3031653745695059
TCCGGCCTGTACGGCGCCCG,0,0.49659401815876647,0.5379700576641391,0.2112528902226372
TGCTTCCGGCTGGCCGTCAC,1,0.4459757705449102,0.5695371506505152,0.8640065647702286
CACGGATGTCCCTCCACACA,1,0.31626341189270135,0.5806736603296582,0.7097752511624803
CGCTCGGCGCGGCAGTCCGC,0,0.44458454497115624,0.3944043822198996,0.3021050600822777
GCCCTCCCTCGTGACGGGGT,0,0.6130718382025435,0.6298101805554587,0.19506259552540245
AACACCTCGCGGCGCTATAG,1,0.5547091642607789,0.5779899024502169,0.8334545386377702
ACCCACACCTTCCCAGTCCT,1,0.41551860181333666,0.8153814888869544,0.5292233068266744
TGGAGCCCGGCGACGGCGAG,0,0.5016920937509136,0.594973104176264,0.34428446116581485
AGACCGCGTCGCTCCCGCAG,0,0.4189379226156814,0.4964570742153117,0.26304262240049026
GCCCGGTCATGCAAGCCGAT,1,0.4600011553305657,0.4085561443057089,0.571858628303358
CGGTCGGTGCTGGCTTGGCG,0,0.40375764336006104,0.6741131846498665,0.34746582286435984
AACGGGCTGCGGTCGGGAAC,0,0.6343503424090967,0.7148581563606411,0.4043093038706957
GCTGGGGGGGGGAGGCACCA,0,0.611348631599659,0.8763887324660609,0.45871789942781377
TGCGCCCCGGCCCACCGAGG,0,0.49333035723122903,0.545757659247063,0.051335112737727034
AGGCCTCGGACCGGTGTGCT,1,0.5488383518124693,0.557979227427736,0.9002363617694624
GTGCAGGGTGGGCCCTCAGG,0,0.48492212541573904,0.6366963394081532,0.27366057980055714
GGATCCCGCCTGAGGCGCCC,0,0.5721619950117709,0.5427538553939817,0.4719335329911387
CCGCGGACGCCTGGGCCTTA,0,0.516717513663595,0.47007334935279516,0.46477832401924246
CCGCCGGCTCCCCCCGCCAT,0,0.3872757040598954,0.7547189565080212,0.01380956176989774
GACTGGTAGACGATCCTCGT,1,0.6664099936101422,0.5842050599170892,1.0
GGGGTGTCGACCCCGCGCCC,0,0.5527149653545431,0.48646820208988784,0.0355804015708588
CCAGATGCCTAGTGCGGATG,1,0.4635888845119416,0.44761325112183953,0.7591513085007857
TGCTACGTGGGGGGCCTCTA,0,0.586777643682672,0.6725901140652522,0.45969970753864375
GCCGACCGCGCAGGTCAGGG,0,0.4236359417218697,0.4771465377302868,0.35950585372708743
GTTCCAACCTTGGTCACCGC,1,0.486173506003162,0.6142422780497878,0.7709512579559314
GGGTGGCCGGCGGGCCTCGC,0,0.47239617176425125,0.6077008085197679,0.0
CAGGCCAGCCGCCGCTGCGC,0,0.4678258604185358,0.5080660199176357,0.18723846529692184
CTGGCAGGCAGGGCCGCCCG,0,0.5033532629076076,0.47217221382159974,0.06304103929095392
TGGACACTGCGCCGCGGACC,0,0.5593255867294247,0.49118134813045417,0.3629600261595406
CTCGGCGGCGCGGGGCCCCT,0,0.6045471686267401,0.5618047706854428,0.13818014515554214
CCCCCCCGGGTCGGGCGCCC,0,0.5673845090485425,0.6740540257726185,0.0
CACGGGCTCGACGCGAAGCC,0,0.5486050870590592,0.5843506353846661,0.34610814475694274
CCCGCCCAGCACCGAACCCG,0,0.44318467601152445,0.7808081098050769,0.0
CTCGTGCCGCCAGGCCCCCC,0,0.5571284172866272,0.7875476244660471,0.3013052996463593
TCCCCGGTGGCCCCCCTCGG,0,0.5169904710204041,0.7096045925413224,0.0
CCGGTCGGACGGCGGCGGCA,0,0.46961672937434457,0.5427873540269814,0.18322626523224778
CAGCGTGGCCAGACCCTTGC,1,0.6167214227082125,0.5752309092632312,0.661891653911979
GAATGAGGAAGTCTACCGCG,1,0.5481444561152174,0.6149178712571534,0.8128116075036695
CGCCGTCGCGCGGGACCGTG,0,0.4873826796733923,0.4371178671975538,0.26353300940532065
TAGAGACCGGCTCGGCGAGG,1,0.5555541621788402,0.6537799983516746,0.6506640479902968
TTCCAAAGGAGCGCCGGGGC,0,0.42020012822078423,0.47215025952971734,0.4029585770617751
GGGCTACGGGGGGAGCCCGA,0,0.5348330369929826,0.7364319177435072,0.009417092492041729
TTGGAGCCCCGTGATCTGGG,1,0.6741080133608105,0.7171755629990978,0.6128502507531265
TGGATGGTGGGAGCTGCGTC,1,0.6038487562141934,0.8337074455798066,0.5791624294537615
CGCCCATAGACGGAGGGCGC,0,0.49538844961578626,0.5294917341092386,0.3477391255743377
CGGCGGCTGGTCGAGGGCGG,0,0.37980038356518786,0.6450624422711716,0.09535057309804114
CGGTGGCGGCCCCGCCGGAC,0,0.5457235231074289,0.44680313486694284,0.09895601756314625
CAAGCCGATCTCCCTGTAGG,1,0.5573520401279357,0.5400098101762063,0.5806367384407887
CAGGCCGCTGCCCCACCCAA,0,0.37027250467672684,0.6763535300465027,0.18830026463776295
TCTGCGGCCCCCGCCTCGTT,1,0.5789688610383237,0.7819034619503529,0.5745806568316467
GCGCCAGTGCGGGTGGGCGG,0,0.43101162141332433,0.6879452023227585,0.06143490732841206
ACGGCGACGCCGAGCGGGCG,0,0.4580264004201702,0.5676352330016188,0.21176517607964
ACGTCACTCCTGGACCCGGC,1,0.5900876345701501,0.641911932411117,0.5418856631413028
TGGGGCATGGGGGACGTTCC,0,0.6309932538859151,0.8101130421930893,0.4539538156475571
GGCCCCGGGGGCGCCCTGGC,0,0.45906164117844,0.4672319022161953,0.027299142825833483
GACCTGCGCCGTGTCATGGG,1,0.6247062660189746,0.6000621796168097,0.5023975650083299
TGTGTGAGCCGTGGGGGCCC,0,0.4916073353663083,0.695684223487105,0.36243591738448583
GATCATCCACTGTCCGCCGG,0,0.5037736973690883,0.5471263558901414,0.3952264665516788
ACGCAGCCGGGGTGGGGCGG,0,0.5083303574261296,0.7339525234226306,0.0744285776527456
CATTCCCCAGGCGGTGCGGC,1,0.45985341026936294,0.4120175964756589,0.5275368279053329
CCCCTCAGTGGTCCGTGGGT,0,0.45637662369742155,0.5582578534957119,0.42933304646130505
CTTCCCTGCGCAGTGGCCCC,1,0.571345282822729,0.7255370652325759,0.5916072440702848
CGCCCCGCCCCCCCGCCGAC,0,0.42449177300207863,0.8992162058962199,0.0
CGTCGAACCAAGCGCGACCG,0,0.455260455603758,0.5825161572591313,0.4606676312384752
CAGGAGCGTGTGGAGTGGGC,0,0.4607659726816344,0.7411288638478483,0.3996508351340445
GTACCGTGCCCACCCCGGAG,0,0.5032896839569755,0.5587861370177343,0.17801110188922376
CCCGCCACCCCTGGGTCTCG,0,0.5634238543246687,0.747338600717787,0.14152354183736085
GCGCGCGGGCGCGGCCCTGG,0,0.5340947741127979,0.5621401128033338,0.0
CCCCTTTCCTCGCGGCCCGG,0,0.5366110185634814,0.7634598593672075,0.0
CGCCCACCCGACCATACTGC,0,0.40063598390430377,0.74278510608393,0.3555790630249436
GGCATTCCCGGGCCGAGCCA,0,0.45888966454749197,0.4278261855819898,0.38149316344847434
CTCCTCGCCTCCCGCCCCCT,0,0.4116677711028964,0.9503670191895461,0.2890308479597472
GGCCCGCCCAGTGCGTGGCT,0,0.43972007140924674,0.4526763804659444,0.23902228651676619
TCCGCTTGGGGCCACGCGCC,0,0.6637722326921719,0.6319407457589227,0.19710791191428792
GCCATGGGGCCGCGGGCCAC,0,0.576520727459618,0.5048110976684383,0.1411724361442632
CGGCGCCCCTGGCGCAGAGG,0,0.5414201182756304,0.49087979457925746,0.28285657895140165
CACCGGGGCCCGCGTAATCA,0,0.46617823959313354,0.5063775160345262,0.45725457368177186
CGGTGCGATCGCCCCCTGCA,0,0.589617807781101,0.5979699716748563,0.3752268815457438
GCGGCCGCGGGCCGCGGCGG,0,0.4470705730807055,0.5371297163127348,0.130447636072707
AGGTGGTCGTCCTCGACGGG,0,0.4453116930866067,0.5580112503278036,0.37193204299579397
CGCGCGCCGCGTGGCGGCCG,0,0.4250581152852487,0.4096390344943172,0.32561692565511946
CTCCGTGCTGGCCCCCCGGC,0,0.5398769073187084,0.7269602603953889,0.2176432188591561
CGCGGCTCTGCACCCCAGGG,0,0.46361647878706347,0.4481739199066116,0.1405544404532802
TCGCGCACGCTCCGTCCCCG,0,0.3739425868100728,0.6046301727509449,0.14150426779417163
AACGGGGGCACCGCGCCGCC,0,0.5247702322707795,0.5667601146216729,0.3118192182118251
GGCCGCCGGGGGGGCCAGGC,0,0.4925428517215352,0.6568280237101873,0.03729774504082278
CCCGCGCGCCGATCCGGCTC,0,0.4084547156655921,0.5772055236856354,0.19226595225160267
CGAGCCCATGCAGCGTCACG,1,0.3718278742359109,0.41386013860278653,0.5724935744643536
GCGGCCGGCTGGCCTACGAG,1,0.41053692816076454,0.4415675918182953,0.5480988603179611
AGTCAGACCGGGGCGCCCCG,0,0.47815884199925324,0.4758612382132995,0.09579631931284438
TGGGGTCCGCAGCAGCGCCG,0,0.4460472203074649,0.44397740930890234,0.13317339024055636
